month,source,spend_type,amount
2024-01,Campus Recruiting,Career fairs & events,582.69
2024-01,Company Website,Subscription / advertising,934.0
2024-01,Employee Referral,Referral bonus,2500.0
2024-01,Job Boards,Subscription / advertising,4846.37
2024-01,LinkedIn,Subscription / advertising,7625.47
2024-01,Social Media,Subscription / advertising,1642.5
2024-02,Campus Recruiting,Career fairs & events,601.04
2024-02,Company Website,Subscription / advertising,998.53
2024-02,Employee Referral,Referral bonus,5000.0
2024-02,Job Boards,Subscription / advertising,4881.45
2024-02,LinkedIn,Subscription / advertising,7497.25
2024-02,Recruitment Agency,Agency fee (20% of salary),25200.0
2024-02,Social Media,Subscription / advertising,1964.62
2024-03,Campus Recruiting,Career fairs & events,10401.26
2024-03,Company Website,Subscription / advertising,982.82
2024-03,Employee Referral,Referral bonus,17500.0
2024-03,Job Boards,Subscription / advertising,4597.62
2024-03,LinkedIn,Subscription / advertising,7381.05
2024-03,Recruitment Agency,Agency fee (20% of salary),14000.0
2024-03,Social Media,Subscription / advertising,1662.22
2024-04,Campus Recruiting,Career fairs & events,9810.98
2024-04,Company Website,Subscription / advertising,1081.29
2024-04,Employee Referral,Referral bonus,5000.0
2024-04,Job Boards,Subscription / advertising,4311.41
2024-04,LinkedIn,Subscription / advertising,6388.11
2024-04,Recruitment Agency,Agency fee (20% of salary),83400.0
2024-04,Social Media,Subscription / advertising,1772.83
2024-05,Campus Recruiting,Career fairs & events,580.0
2024-05,Company Website,Subscription / advertising,1026.83
2024-05,Employee Referral,Referral bonus,17500.0
2024-05,Job Boards,Subscription / advertising,4435.58
2024-05,LinkedIn,Subscription / advertising,6953.7
2024-05,Recruitment Agency,Agency fee (20% of salary),24200.0
2024-05,Social Media,Subscription / advertising,1820.92
2024-06,Campus Recruiting,Career fairs & events,586.26
2024-06,Company Website,Subscription / advertising,995.46
2024-06,Employee Referral,Referral bonus,15000.0
2024-06,Job Boards,Subscription / advertising,4423.71
2024-06,LinkedIn,Subscription / advertising,7643.23
2024-06,Recruitment Agency,Agency fee (20% of salary),96000.0
2024-06,Social Media,Subscription / advertising,1858.89
2024-07,Campus Recruiting,Career fairs & events,586.48
2024-07,Company Website,Subscription / advertising,946.02
2024-07,Employee Referral,Referral bonus,12500.0
2024-07,Job Boards,Subscription / advertising,4523.48
2024-07,LinkedIn,Subscription / advertising,6461.48
2024-07,Recruitment Agency,Agency fee (20% of salary),67600.0
2024-07,Social Media,Subscription / advertising,1681.92
2024-08,Campus Recruiting,Career fairs & events,622.73
2024-08,Company Website,Subscription / advertising,1096.09
2024-08,Employee Referral,Referral bonus,15000.0
2024-08,Job Boards,Subscription / advertising,4666.56
2024-08,LinkedIn,Subscription / advertising,6540.06
2024-08,Recruitment Agency,Agency fee (20% of salary),19400.0
2024-08,Social Media,Subscription / advertising,1740.44
2024-09,Campus Recruiting,Career fairs & events,9790.56
2024-09,Company Website,Subscription / advertising,1034.8
2024-09,Employee Referral,Referral bonus,10000.0
2024-09,Job Boards,Subscription / advertising,4359.01
2024-09,LinkedIn,Subscription / advertising,7304.5
2024-09,Recruitment Agency,Agency fee (20% of salary),39600.0
2024-09,Social Media,Subscription / advertising,1818.85
2024-10,Campus Recruiting,Career fairs & events,9236.8
2024-10,Company Website,Subscription / advertising,1079.02
2024-10,Employee Referral,Referral bonus,7500.0
2024-10,Job Boards,Subscription / advertising,4571.39
2024-10,LinkedIn,Subscription / advertising,7537.6
2024-10,Recruitment Agency,Agency fee (20% of salary),34200.0
2024-10,Social Media,Subscription / advertising,1746.43
2024-11,Campus Recruiting,Career fairs & events,594.19
2024-11,Company Website,Subscription / advertising,996.54
2024-11,Employee Referral,Referral bonus,10000.0
2024-11,Job Boards,Subscription / advertising,4941.84
2024-11,LinkedIn,Subscription / advertising,7307.73
2024-11,Recruitment Agency,Agency fee (20% of salary),61000.0
2024-11,Social Media,Subscription / advertising,1912.46
2024-12,Campus Recruiting,Career fairs & events,652.09
2024-12,Company Website,Subscription / advertising,917.28
2024-12,Employee Referral,Referral bonus,7500.0
2024-12,Job Boards,Subscription / advertising,4617.99
2024-12,LinkedIn,Subscription / advertising,7557.42
2024-12,Recruitment Agency,Agency fee (20% of salary),55800.0
2024-12,Social Media,Subscription / advertising,1654.11
2025-01,Campus Recruiting,Career fairs & events,615.38
2025-01,Company Website,Subscription / advertising,1028.01
2025-01,Job Boards,Subscription / advertising,4567.86
2025-01,LinkedIn,Subscription / advertising,6892.5
2025-01,Recruitment Agency,Agency fee (20% of salary),91600.0
2025-01,Social Media,Subscription / advertising,1622.69
2025-02,Campus Recruiting,Career fairs & events,641.27
2025-02,Company Website,Subscription / advertising,924.38
2025-02,Employee Referral,Referral bonus,5000.0
2025-02,Job Boards,Subscription / advertising,4411.15
2025-02,LinkedIn,Subscription / advertising,6866.88
2025-02,Recruitment Agency,Agency fee (20% of salary),77200.0
2025-02,Social Media,Subscription / advertising,1680.98
2025-03,Campus Recruiting,Career fairs & events,9778.39
2025-03,Company Website,Subscription / advertising,903.34
2025-03,Employee Referral,Referral bonus,7500.0
2025-03,Job Boards,Subscription / advertising,4315.12
2025-03,LinkedIn,Subscription / advertising,6660.64
2025-03,Recruitment Agency,Agency fee (20% of salary),15000.0
2025-03,Social Media,Subscription / advertising,1644.28
2025-04,Campus Recruiting,Career fairs & events,8595.76
2025-04,Company Website,Subscription / advertising,1048.56
2025-04,Employee Referral,Referral bonus,10000.0
2025-04,Job Boards,Subscription / advertising,4174.2
2025-04,LinkedIn,Subscription / advertising,6926.2
2025-04,Recruitment Agency,Agency fee (20% of salary),115400.0
2025-04,Social Media,Subscription / advertising,1706.79
2025-05,Campus Recruiting,Career fairs & events,626.42
2025-05,Company Website,Subscription / advertising,977.88
2025-05,Employee Referral,Referral bonus,7500.0
2025-05,Job Boards,Subscription / advertising,4328.17
2025-05,LinkedIn,Subscription / advertising,7016.45
2025-05,Recruitment Agency,Agency fee (20% of salary),17000.0
2025-05,Social Media,Subscription / advertising,1795.06
2025-06,Campus Recruiting,Career fairs & events,630.1
2025-06,Company Website,Subscription / advertising,942.79
2025-06,Employee Referral,Referral bonus,20000.0
2025-06,Job Boards,Subscription / advertising,4439.23
2025-06,LinkedIn,Subscription / advertising,7314.77
2025-06,Social Media,Subscription / advertising,1637.27
2025-07,Campus Recruiting,Career fairs & events,610.03
2025-07,Company Website,Subscription / advertising,1067.83
2025-07,Employee Referral,Referral bonus,15000.0
2025-07,Job Boards,Subscription / advertising,4910.89
2025-07,LinkedIn,Subscription / advertising,7653.93
2025-07,Recruitment Agency,Agency fee (20% of salary),41000.0
2025-07,Social Media,Subscription / advertising,1662.68
2025-08,Campus Recruiting,Career fairs & events,602.64
2025-08,Company Website,Subscription / advertising,929.51
2025-08,Employee Referral,Referral bonus,5000.0
2025-08,Job Boards,Subscription / advertising,4846.07
2025-08,LinkedIn,Subscription / advertising,6393.1
2025-08,Recruitment Agency,Agency fee (20% of salary),103400.0
2025-08,Social Media,Subscription / advertising,1913.94
2025-09,Campus Recruiting,Career fairs & events,9730.21
2025-09,Company Website,Subscription / advertising,983.94
2025-09,Employee Referral,Referral bonus,5000.0
2025-09,Job Boards,Subscription / advertising,4551.44
2025-09,LinkedIn,Subscription / advertising,6940.47
2025-09,Recruitment Agency,Agency fee (20% of salary),27400.0
2025-09,Social Media,Subscription / advertising,1750.27
2025-10,Campus Recruiting,Career fairs & events,8965.55
2025-10,Company Website,Subscription / advertising,905.57
2025-10,Employee Referral,Referral bonus,12500.0
2025-10,Job Boards,Subscription / advertising,4278.21
2025-10,LinkedIn,Subscription / advertising,6419.36
2025-10,Recruitment Agency,Agency fee (20% of salary),72800.0
2025-10,Social Media,Subscription / advertising,1952.45
2025-11,Campus Recruiting,Career fairs & events,567.2
2025-11,Company Website,Subscription / advertising,1028.33
2025-11,Employee Referral,Referral bonus,25000.0
2025-11,Job Boards,Subscription / advertising,4702.14
2025-11,LinkedIn,Subscription / advertising,6459.75
2025-11,Recruitment Agency,Agency fee (20% of salary),19400.0
2025-11,Social Media,Subscription / advertising,1731.92
2025-12,Campus Recruiting,Career fairs & events,551.74
2025-12,Company Website,Subscription / advertising,936.75
2025-12,Employee Referral,Referral bonus,5000.0
2025-12,Job Boards,Subscription / advertising,4248.39
2025-12,LinkedIn,Subscription / advertising,7650.12
2025-12,Recruitment Agency,Agency fee (20% of salary),49800.0
2025-12,Social Media,Subscription / advertising,1897.73
