requisition_id,department_name,job_title,job_level,location,recruiter_name,headcount,opened_date,closed_date,status,opened_month,applications,hires,time_to_fill_days,days_open
REQ-1001,Sales,Lead Sales Development Rep,Lead,New York,Omar Haddad,1,2024-01-03,2024-02-18,Filled,2024-01,36,1,46.0,46
REQ-1002,Customer Support,Senior Customer Success Manager,Senior,New York,Lucas Martin,1,2024-01-04,2024-02-14,Filled,2024-01,80,1,41.0,41
REQ-1003,Data & Analytics,Senior Data Analyst,Senior,Chicago,Ethan Brooks,1,2024-01-04,2024-03-01,Filled,2024-01,59,1,57.0,57
REQ-1004,Sales,Junior Sales Development Rep,Entry,Austin,Hannah Cole,1,2024-01-04,2024-01-30,Filled,2024-01,70,1,26.0,26
REQ-1005,Human Resources,Talent Partner,Mid,Austin,Grace Chen,2,2024-01-05,2024-02-19,Filled,2024-01,71,2,45.0,45
REQ-1006,Human Resources,HR Generalist,Mid,Remote,Grace Chen,1,2024-01-08,2024-02-24,Filled,2024-01,130,1,47.0,47
REQ-1007,Engineering,QA Engineer,Mid,Remote,Ethan Brooks,1,2024-01-08,2024-02-25,Filled,2024-01,116,1,48.0,48
REQ-1008,Engineering,Software Engineer,Mid,Chicago,Jordan Lee,3,2024-01-09,2024-07-07,Cancelled,2024-01,52,0,,180
REQ-1009,Engineering,Senior Frontend Engineer,Senior,New York,Maya Patel,1,2024-01-10,2024-02-29,Filled,2024-01,47,1,50.0,50
REQ-1010,Sales,Senior Account Executive,Senior,Austin,Lucas Martin,1,2024-01-11,2024-07-09,Cancelled,2024-01,56,0,,180
REQ-1011,Engineering,Backend Engineer,Mid,Remote,Sofia Ramirez,1,2024-01-12,2024-07-10,Cancelled,2024-01,116,0,,180
REQ-1012,Sales,Senior Sales Development Rep,Senior,Chicago,Priya Nair,1,2024-01-15,2024-02-07,Filled,2024-01,42,1,23.0,23
REQ-1013,Marketing,Junior Content Strategist,Entry,New York,Omar Haddad,1,2024-01-15,2024-02-16,Filled,2024-01,123,1,32.0,32
REQ-1014,Data & Analytics,Senior Data Analyst,Senior,Remote,Jordan Lee,1,2024-01-16,2024-07-14,Cancelled,2024-01,100,0,,180
REQ-1015,Customer Support,Lead Customer Success Manager,Lead,New York,Omar Haddad,1,2024-01-23,2024-07-21,Cancelled,2024-01,49,0,,180
REQ-1016,Marketing,Junior Content Strategist,Entry,Austin,Priya Nair,1,2024-01-23,2024-03-02,Filled,2024-01,116,1,39.0,39
REQ-1017,Engineering,DevOps Engineer,Mid,Remote,Maya Patel,1,2024-01-23,2024-02-14,Filled,2024-01,121,1,22.0,22
REQ-1018,Sales,Account Manager,Mid,New York,Omar Haddad,3,2024-01-24,2024-07-22,Cancelled,2024-01,59,0,,180
REQ-1019,Data & Analytics,Data Engineer,Mid,Austin,Jordan Lee,1,2024-01-25,2024-03-21,Filled,2024-01,70,1,56.0,56
REQ-1020,Sales,Account Manager,Mid,Remote,Lucas Martin,2,2024-01-26,2024-07-24,Cancelled,2024-01,118,1,,180
REQ-1021,Data & Analytics,Lead Data Analyst,Lead,Remote,Ethan Brooks,1,2024-01-29,2024-03-22,Filled,2024-01,72,1,53.0,53
REQ-1022,Customer Support,Senior Support Team Lead,Senior,Remote,Priya Nair,1,2024-01-30,2024-03-06,Filled,2024-01,102,1,36.0,36
REQ-1023,Sales,Junior Account Executive,Entry,New York,Priya Nair,2,2024-02-01,2024-07-30,Cancelled,2024-02,78,0,,180
REQ-1024,Engineering,Junior DevOps Engineer,Entry,New York,Jordan Lee,2,2024-02-05,2024-04-03,Filled,2024-02,84,2,58.0,58
REQ-1025,Sales,Junior Sales Development Rep,Entry,Remote,Hannah Cole,1,2024-02-05,2024-03-08,Filled,2024-02,148,1,32.0,32
REQ-1026,Customer Support,Junior Support Team Lead,Entry,Chicago,Omar Haddad,3,2024-02-06,2024-03-21,Filled,2024-02,127,3,44.0,44
REQ-1027,Data & Analytics,Data Scientist,Mid,New York,Sofia Ramirez,1,2024-02-09,2024-03-16,Filled,2024-02,82,1,36.0,36
REQ-1028,Engineering,Junior DevOps Engineer,Entry,Austin,Ethan Brooks,1,2024-02-09,2024-03-10,Filled,2024-02,78,1,30.0,30
REQ-1029,Product,Product Designer,Mid,New York,Jordan Lee,1,2024-02-11,2024-03-16,Filled,2024-02,78,1,34.0,34
REQ-1030,Operations,Project Coordinator,Mid,Chicago,Daniel Reyes,1,2024-02-16,2024-03-18,Filled,2024-02,47,1,31.0,31
REQ-1031,Operations,Procurement Specialist,Mid,Remote,Grace Chen,3,2024-02-16,2024-03-28,Filled,2024-02,110,3,41.0,41
REQ-1032,Customer Support,Senior Support Team Lead,Senior,Remote,Hannah Cole,1,2024-02-19,2024-03-24,Filled,2024-02,108,1,34.0,34
REQ-1033,Human Resources,Senior HR Generalist,Senior,Austin,Daniel Reyes,1,2024-02-20,2024-04-05,Filled,2024-02,57,1,45.0,45
REQ-1034,Finance,Junior FP&A Manager,Entry,Remote,Grace Chen,2,2024-02-22,2024-03-29,Filled,2024-02,125,2,36.0,36
REQ-1035,Product,Product Manager,Mid,Remote,Sofia Ramirez,1,2024-02-22,2024-03-21,Filled,2024-02,135,1,28.0,28
REQ-1036,Engineering,Senior QA Engineer,Senior,Chicago,Jordan Lee,1,2024-02-26,2024-05-30,Filled,2024-02,49,1,94.0,94
REQ-1037,Marketing,Growth Marketer,Mid,Austin,Hannah Cole,1,2024-02-26,2024-03-22,Filled,2024-02,81,1,25.0,25
REQ-1038,Sales,Senior Sales Development Rep,Senior,Remote,Omar Haddad,1,2024-02-28,2024-03-28,Filled,2024-02,72,1,29.0,29
REQ-1039,Product,Lead UX Researcher,Lead,Remote,Ethan Brooks,1,2024-02-29,2024-04-05,Filled,2024-02,55,1,36.0,36
REQ-1040,Engineering,Senior DevOps Engineer,Senior,Chicago,Jordan Lee,1,2024-02-29,2024-08-27,Cancelled,2024-02,45,0,,180
REQ-1041,Product,UX Researcher,Mid,Remote,Maya Patel,3,2024-03-02,2024-04-18,Filled,2024-03,120,3,47.0,47
REQ-1042,Sales,Sales Development Rep,Mid,Austin,Hannah Cole,2,2024-03-07,2024-09-03,Cancelled,2024-03,62,0,,180
REQ-1043,Data & Analytics,Junior Data Analyst,Entry,Austin,Sofia Ramirez,1,2024-03-08,2024-05-05,Filled,2024-03,94,1,58.0,58
REQ-1044,Data & Analytics,Senior Data Engineer,Senior,New York,Ethan Brooks,1,2024-03-08,2024-04-03,Filled,2024-03,45,1,26.0,26
REQ-1045,Sales,Senior Sales Development Rep,Senior,New York,Lucas Martin,1,2024-03-12,2024-04-22,Filled,2024-03,40,1,41.0,41
REQ-1046,Finance,Junior FP&A Manager,Entry,Remote,Grace Chen,1,2024-03-21,2024-04-16,Filled,2024-03,125,1,26.0,26
REQ-1047,Marketing,Junior Marketing Specialist,Entry,Remote,Omar Haddad,1,2024-03-22,2024-04-21,Filled,2024-03,179,1,30.0,30
REQ-1048,Data & Analytics,Senior Data Scientist,Senior,Remote,Maya Patel,1,2024-03-25,2024-04-23,Filled,2024-03,91,1,29.0,29
REQ-1049,Data & Analytics,Data Scientist,Mid,New York,Maya Patel,2,2024-03-25,2024-09-21,Cancelled,2024-03,79,1,,180
REQ-1050,Sales,Account Executive,Mid,Remote,Priya Nair,1,2024-03-26,2024-04-19,Filled,2024-03,80,1,24.0,24
REQ-1051,Engineering,Senior QA Engineer,Senior,Chicago,Maya Patel,1,2024-03-27,2024-06-30,Filled,2024-03,37,1,95.0,95
REQ-1052,Engineering,DevOps Engineer,Mid,Remote,Sofia Ramirez,1,2024-03-27,2024-09-23,Cancelled,2024-03,110,0,,180
REQ-1053,Sales,Junior Account Manager,Entry,Remote,Omar Haddad,2,2024-03-27,2024-05-30,Filled,2024-03,136,2,64.0,64
REQ-1054,Engineering,Software Engineer,Mid,New York,Ethan Brooks,1,2024-03-27,2024-09-23,Cancelled,2024-03,58,0,,180
REQ-1055,Sales,Sales Development Rep,Mid,New York,Omar Haddad,1,2024-03-28,2024-04-30,Filled,2024-03,55,1,33.0,33
REQ-1056,Product,Product Manager,Mid,New York,Jordan Lee,2,2024-03-29,2024-09-25,Cancelled,2024-03,80,0,,180
REQ-1057,Customer Support,Senior Customer Success Manager,Senior,Chicago,Lucas Martin,1,2024-03-29,2024-04-30,Filled,2024-03,70,1,32.0,32
REQ-1058,Customer Support,Junior Customer Success Manager,Entry,New York,Lucas Martin,2,2024-03-29,2024-04-26,Filled,2024-03,120,2,28.0,28
REQ-1059,Customer Support,Senior Support Specialist,Senior,New York,Lucas Martin,1,2024-04-01,2024-05-09,Filled,2024-04,73,1,38.0,38
REQ-1060,Customer Support,Junior Support Specialist,Entry,New York,Hannah Cole,1,2024-04-01,2024-05-13,Filled,2024-04,120,1,42.0,42
REQ-1061,Product,Lead UX Researcher,Lead,Remote,Ethan Brooks,1,2024-04-02,2024-09-29,Cancelled,2024-04,52,0,,180
REQ-1062,Customer Support,Support Team Lead,Mid,Austin,Priya Nair,2,2024-04-02,2024-09-29,Cancelled,2024-04,91,0,,180
REQ-1063,Data & Analytics,Senior BI Developer,Senior,Remote,Sofia Ramirez,1,2024-04-02,2024-05-11,Filled,2024-04,102,1,39.0,39
REQ-1064,Marketing,Senior Marketing Specialist,Senior,Remote,Lucas Martin,1,2024-04-03,2024-06-13,Filled,2024-04,111,1,71.0,71
REQ-1065,Data & Analytics,Senior BI Developer,Senior,Chicago,Ethan Brooks,1,2024-04-04,2024-10-01,Cancelled,2024-04,76,0,,180
REQ-1066,Sales,Junior Sales Development Rep,Entry,Austin,Lucas Martin,1,2024-04-05,2024-05-18,Filled,2024-04,85,1,43.0,43
REQ-1067,Engineering,DevOps Engineer,Mid,New York,Ethan Brooks,1,2024-04-05,2024-06-26,Filled,2024-04,51,1,82.0,82
REQ-1068,Data & Analytics,Lead Data Analyst,Lead,New York,Jordan Lee,1,2024-04-05,2024-10-02,Cancelled,2024-04,34,0,,180
REQ-1069,Operations,Lead Project Coordinator,Lead,Remote,Daniel Reyes,1,2024-04-09,2024-06-04,Filled,2024-04,39,1,56.0,56
REQ-1070,Engineering,Junior Software Engineer,Entry,Remote,Ethan Brooks,1,2024-04-09,2024-05-12,Filled,2024-04,150,1,33.0,33
REQ-1071,Customer Support,Customer Success Manager,Mid,Chicago,Lucas Martin,2,2024-04-11,2024-05-25,Filled,2024-04,96,2,44.0,44
REQ-1072,Marketing,Lead Content Strategist,Lead,New York,Omar Haddad,1,2024-04-16,2024-10-13,Cancelled,2024-04,28,0,,180
REQ-1073,Customer Support,Customer Success Manager,Mid,Remote,Hannah Cole,2,2024-04-16,2024-05-31,Filled,2024-04,157,2,45.0,45
REQ-1074,Sales,Lead Account Manager,Lead,New York,Lucas Martin,1,2024-04-17,2024-05-26,Filled,2024-04,35,1,39.0,39
REQ-1075,Marketing,Growth Marketer,Mid,Chicago,Priya Nair,1,2024-04-24,2024-06-12,Filled,2024-04,85,1,49.0,49
REQ-1076,Engineering,Software Engineer,Mid,Remote,Jordan Lee,1,2024-04-25,2024-06-27,Filled,2024-04,131,1,63.0,63
REQ-1077,Engineering,DevOps Engineer,Mid,Austin,Ethan Brooks,1,2024-04-26,2024-06-26,Filled,2024-04,88,1,61.0,61
REQ-1078,Engineering,Junior Software Engineer,Entry,Remote,Sofia Ramirez,1,2024-04-29,2024-06-05,Filled,2024-04,188,1,37.0,37
REQ-1079,Engineering,Backend Engineer,Mid,Remote,Maya Patel,1,2024-05-01,2024-06-10,Filled,2024-05,130,1,40.0,40
REQ-1080,Engineering,Lead Frontend Engineer,Lead,New York,Ethan Brooks,1,2024-05-01,2024-10-28,Cancelled,2024-05,30,0,,180
REQ-1081,Engineering,QA Engineer,Mid,Remote,Maya Patel,1,2024-05-02,2024-06-21,Filled,2024-05,119,1,50.0,50
REQ-1082,Sales,Sales Development Rep,Mid,New York,Priya Nair,1,2024-05-02,2024-06-01,Filled,2024-05,49,1,30.0,30
REQ-1083,Engineering,Senior Software Engineer,Senior,Remote,Ethan Brooks,1,2024-05-03,2024-07-14,Filled,2024-05,73,1,72.0,72
REQ-1084,Operations,Operations Analyst,Mid,Chicago,Daniel Reyes,3,2024-05-06,2024-11-02,Cancelled,2024-05,53,0,,180
REQ-1085,Customer Support,Senior Customer Success Manager,Senior,Austin,Hannah Cole,1,2024-05-06,2024-07-09,Filled,2024-05,74,1,64.0,64
REQ-1086,Sales,Account Executive,Mid,Chicago,Priya Nair,1,2024-05-07,2024-06-24,Filled,2024-05,60,1,48.0,48
REQ-1087,Customer Support,Junior Customer Success Manager,Entry,New York,Lucas Martin,1,2024-05-09,2024-06-05,Filled,2024-05,116,1,27.0,27
REQ-1088,Data & Analytics,Senior Data Analyst,Senior,New York,Sofia Ramirez,1,2024-05-10,2024-07-20,Filled,2024-05,60,1,71.0,71
REQ-1089,Operations,Lead Project Coordinator,Lead,Austin,Grace Chen,1,2024-05-14,2024-06-30,Filled,2024-05,36,1,47.0,47
REQ-1090,Finance,Senior FP&A Manager,Senior,Remote,Daniel Reyes,1,2024-05-14,2024-07-16,Filled,2024-05,77,1,63.0,63
REQ-1091,Customer Support,Customer Success Manager,Mid,Remote,Hannah Cole,3,2024-05-15,2024-06-30,Filled,2024-05,158,3,46.0,46
REQ-1092,Sales,Junior Account Executive,Entry,New York,Priya Nair,3,2024-05-15,2024-11-11,Cancelled,2024-05,93,2,,180
REQ-1093,Finance,Lead FP&A Manager,Lead,New York,Grace Chen,1,2024-05-16,2024-11-12,Cancelled,2024-05,24,0,,180
REQ-1094,Customer Support,Lead Customer Success Manager,Lead,Austin,Priya Nair,1,2024-05-16,2024-06-20,Filled,2024-05,58,1,35.0,35
REQ-1095,Customer Support,Senior Support Team Lead,Senior,New York,Lucas Martin,1,2024-05-17,2024-07-04,Filled,2024-05,65,1,48.0,48
REQ-1096,Human Resources,Senior Talent Partner,Senior,Remote,Grace Chen,1,2024-05-20,2024-08-01,Filled,2024-05,103,1,73.0,73
REQ-1097,Marketing,Marketing Specialist,Mid,Chicago,Priya Nair,2,2024-05-21,2024-07-13,Filled,2024-05,88,2,53.0,53
REQ-1098,Product,Junior Product Manager,Entry,Remote,Maya Patel,1,2024-05-21,2024-06-25,Filled,2024-05,176,1,35.0,35
REQ-1099,Sales,Sales Development Rep,Mid,New York,Omar Haddad,2,2024-05-22,2024-11-18,Cancelled,2024-05,59,0,,180
REQ-1100,Engineering,QA Engineer,Mid,Austin,Maya Patel,2,2024-05-23,2024-11-19,Cancelled,2024-05,79,1,,180
REQ-1101,Engineering,DevOps Engineer,Mid,New York,Sofia Ramirez,1,2024-05-24,2024-11-20,Cancelled,2024-05,80,0,,180
REQ-1102,Customer Support,Lead Support Team Lead,Lead,Remote,Priya Nair,1,2024-05-27,2024-07-04,Filled,2024-05,66,1,38.0,38
REQ-1103,Customer Support,Senior Support Specialist,Senior,New York,Omar Haddad,1,2024-05-27,2024-07-05,Filled,2024-05,86,1,39.0,39
REQ-1104,Operations,Project Coordinator,Mid,New York,Grace Chen,2,2024-05-28,2024-11-24,Cancelled,2024-05,75,1,,180
REQ-1105,Finance,Junior FP&A Manager,Entry,Austin,Daniel Reyes,1,2024-05-28,2024-11-24,Cancelled,2024-05,90,0,,180
REQ-1106,Sales,Account Manager,Mid,New York,Lucas Martin,2,2024-05-29,2024-07-09,Filled,2024-05,52,2,41.0,41
REQ-1107,Engineering,Junior Software Engineer,Entry,New York,Maya Patel,2,2024-05-29,2024-07-04,Filled,2024-05,86,2,36.0,36
REQ-1108,Sales,Junior Account Manager,Entry,Remote,Hannah Cole,2,2024-05-30,2024-07-11,Filled,2024-05,122,2,42.0,42
REQ-1109,Operations,Senior Procurement Specialist,Senior,Austin,Grace Chen,1,2024-06-03,2024-11-30,Cancelled,2024-06,52,0,,180
REQ-1110,Customer Support,Senior Support Team Lead,Senior,New York,Omar Haddad,1,2024-06-04,2024-08-11,Filled,2024-06,55,1,68.0,68
REQ-1111,Sales,Lead Account Manager,Lead,Austin,Omar Haddad,1,2024-06-05,2024-12-02,Cancelled,2024-06,27,0,,180
REQ-1112,Sales,Junior Account Manager,Entry,Chicago,Lucas Martin,2,2024-06-05,2024-12-02,Cancelled,2024-06,77,1,,180
REQ-1113,Engineering,Junior DevOps Engineer,Entry,Remote,Jordan Lee,1,2024-06-06,2024-07-22,Filled,2024-06,155,1,46.0,46
REQ-1114,Engineering,DevOps Engineer,Mid,Chicago,Ethan Brooks,1,2024-06-07,2024-12-04,Cancelled,2024-06,73,0,,180
REQ-1115,Engineering,Backend Engineer,Mid,Remote,Jordan Lee,3,2024-06-11,2024-08-10,Filled,2024-06,111,3,60.0,60
REQ-1116,Human Resources,Lead Talent Partner,Lead,Remote,Grace Chen,1,2024-06-12,2024-07-02,Filled,2024-06,57,1,20.0,20
REQ-1117,Marketing,Junior Marketing Specialist,Entry,Austin,Hannah Cole,1,2024-06-13,2024-07-23,Filled,2024-06,116,1,40.0,40
REQ-1118,Engineering,Lead Software Engineer,Lead,Chicago,Ethan Brooks,1,2024-06-14,2024-08-10,Filled,2024-06,33,1,57.0,57
REQ-1119,Sales,Senior Account Executive,Senior,Chicago,Lucas Martin,1,2024-06-17,2024-12-14,Cancelled,2024-06,45,0,,180
REQ-1120,Engineering,Lead Backend Engineer,Lead,Austin,Ethan Brooks,1,2024-06-18,2024-12-15,Cancelled,2024-06,43,0,,180
REQ-1121,Engineering,Frontend Engineer,Mid,Remote,Ethan Brooks,2,2024-06-18,2024-08-05,Filled,2024-06,114,2,48.0,48
REQ-1122,Customer Support,Support Specialist,Mid,New York,Lucas Martin,2,2024-06-20,2024-07-31,Filled,2024-06,89,2,41.0,41
REQ-1123,Marketing,Senior Marketing Specialist,Senior,Remote,Lucas Martin,1,2024-06-26,2024-08-09,Filled,2024-06,114,1,44.0,44
REQ-1124,Sales,Account Manager,Mid,Chicago,Priya Nair,1,2024-06-26,2024-12-23,Cancelled,2024-06,55,0,,180
REQ-1125,Data & Analytics,Senior Data Engineer,Senior,New York,Sofia Ramirez,1,2024-06-27,2024-08-20,Filled,2024-06,56,1,54.0,54
REQ-1126,Marketing,Senior Growth Marketer,Senior,New York,Lucas Martin,1,2024-06-27,2024-12-24,Cancelled,2024-06,63,0,,180
REQ-1127,Operations,Procurement Specialist,Mid,Chicago,Grace Chen,1,2024-06-28,2024-07-20,Filled,2024-06,51,1,22.0,22
REQ-1128,Sales,Senior Account Executive,Senior,Remote,Priya Nair,1,2024-07-02,2024-07-27,Filled,2024-07,71,1,25.0,25
REQ-1129,Engineering,Frontend Engineer,Mid,Austin,Jordan Lee,2,2024-07-02,2024-12-29,Cancelled,2024-07,78,1,,180
REQ-1130,Engineering,Lead DevOps Engineer,Lead,Chicago,Jordan Lee,1,2024-07-04,2024-12-31,Cancelled,2024-07,36,0,,180
REQ-1131,Engineering,Senior Frontend Engineer,Senior,Remote,Jordan Lee,1,2024-07-05,2024-08-05,Filled,2024-07,70,1,31.0,31
REQ-1132,Operations,Junior Operations Analyst,Entry,Remote,Grace Chen,3,2024-07-05,2025-01-01,Cancelled,2024-07,158,2,,180
REQ-1133,Sales,Senior Account Executive,Senior,Chicago,Lucas Martin,1,2024-07-05,2024-08-26,Filled,2024-07,52,1,52.0,52
REQ-1134,Finance,Accountant,Mid,Remote,Grace Chen,1,2024-07-05,2024-08-25,Filled,2024-07,112,1,51.0,51
REQ-1135,Engineering,Junior DevOps Engineer,Entry,Remote,Maya Patel,1,2024-07-08,2024-09-08,Filled,2024-07,172,1,62.0,62
REQ-1136,Data & Analytics,Lead Data Analyst,Lead,New York,Jordan Lee,1,2024-07-09,2024-09-09,Filled,2024-07,42,1,62.0,62
REQ-1137,Customer Support,Lead Customer Success Manager,Lead,Chicago,Hannah Cole,1,2024-07-10,2024-08-16,Filled,2024-07,39,1,37.0,37
REQ-1138,Human Resources,Payroll Specialist,Mid,Austin,Grace Chen,2,2024-07-10,2025-01-06,Cancelled,2024-07,82,1,,180
REQ-1139,Product,Lead UX Researcher,Lead,Chicago,Jordan Lee,1,2024-07-12,2024-09-06,Filled,2024-07,56,1,56.0,56
REQ-1140,Engineering,DevOps Engineer,Mid,New York,Ethan Brooks,1,2024-07-12,2025-01-08,Cancelled,2024-07,68,0,,180
REQ-1141,Finance,Junior FP&A Manager,Entry,Remote,Daniel Reyes,1,2024-07-15,2025-01-11,Cancelled,2024-07,136,0,,180
REQ-1142,Data & Analytics,Junior Data Engineer,Entry,Austin,Sofia Ramirez,1,2024-07-17,2024-08-23,Filled,2024-07,82,1,37.0,37
REQ-1143,Customer Support,Senior Support Specialist,Senior,Austin,Omar Haddad,1,2024-07-18,2024-08-29,Filled,2024-07,91,1,42.0,42
REQ-1144,Engineering,Senior DevOps Engineer,Senior,Remote,Jordan Lee,1,2024-07-19,2025-01-15,Cancelled,2024-07,103,0,,180
REQ-1145,Customer Support,Support Team Lead,Mid,Chicago,Lucas Martin,1,2024-07-22,2025-01-18,Cancelled,2024-07,94,0,,180
REQ-1146,Finance,Senior Accountant,Senior,New York,Grace Chen,1,2024-07-24,2024-09-07,Filled,2024-07,44,1,45.0,45
REQ-1147,Customer Support,Support Team Lead,Mid,New York,Lucas Martin,1,2024-07-30,2024-10-05,Filled,2024-07,93,1,67.0,67
REQ-1148,Product,Senior Product Designer,Senior,New York,Jordan Lee,1,2024-07-30,2024-09-26,Filled,2024-07,76,1,58.0,58
REQ-1149,Customer Support,Lead Support Specialist,Lead,Remote,Lucas Martin,1,2024-07-31,2024-09-10,Filled,2024-07,71,1,41.0,41
REQ-1150,Engineering,QA Engineer,Mid,Chicago,Maya Patel,1,2024-07-31,2024-10-09,Filled,2024-07,57,1,70.0,70
REQ-1151,Data & Analytics,BI Developer,Mid,Chicago,Maya Patel,1,2024-08-01,2025-01-28,Cancelled,2024-08,74,0,,180
REQ-1152,Sales,Junior Account Manager,Entry,Remote,Lucas Martin,1,2024-08-01,2024-09-02,Filled,2024-08,125,1,32.0,32
REQ-1153,Human Resources,Junior Payroll Specialist,Entry,Austin,Daniel Reyes,1,2024-08-08,2024-09-04,Filled,2024-08,88,1,27.0,27
REQ-1154,Engineering,Junior Frontend Engineer,Entry,New York,Jordan Lee,1,2024-08-08,2024-09-05,Filled,2024-08,84,1,28.0,28
REQ-1155,Human Resources,Payroll Specialist,Mid,Austin,Grace Chen,2,2024-08-08,2024-09-13,Filled,2024-08,70,2,36.0,36
REQ-1156,Customer Support,Junior Support Team Lead,Entry,New York,Omar Haddad,1,2024-08-09,2024-09-17,Filled,2024-08,122,1,39.0,39
REQ-1157,Operations,Project Coordinator,Mid,New York,Grace Chen,2,2024-08-12,2025-02-08,Cancelled,2024-08,62,1,,180
REQ-1158,Product,Lead Product Designer,Lead,Austin,Ethan Brooks,1,2024-08-14,2025-02-10,Cancelled,2024-08,34,0,,180
REQ-1159,Engineering,Software Engineer,Mid,Remote,Jordan Lee,3,2024-08-15,2025-02-11,Cancelled,2024-08,116,2,,180
REQ-1160,Data & Analytics,Senior Data Engineer,Senior,Chicago,Ethan Brooks,1,2024-08-15,2025-02-11,Cancelled,2024-08,52,0,,180
REQ-1161,Finance,Senior FP&A Manager,Senior,New York,Grace Chen,1,2024-08-16,2024-09-25,Filled,2024-08,51,1,40.0,40
REQ-1162,Operations,Lead Project Coordinator,Lead,Austin,Daniel Reyes,1,2024-08-19,2025-02-15,Cancelled,2024-08,26,0,,180
REQ-1163,Customer Support,Lead Customer Success Manager,Lead,New York,Omar Haddad,1,2024-08-20,2024-09-21,Filled,2024-08,39,1,32.0,32
REQ-1164,Sales,Sales Development Rep,Mid,New York,Lucas Martin,2,2024-08-21,2024-09-23,Filled,2024-08,52,2,33.0,33
REQ-1165,Data & Analytics,Junior Data Scientist,Entry,Chicago,Ethan Brooks,3,2024-08-21,2025-02-17,Cancelled,2024-08,94,1,,180
REQ-1166,Finance,Accountant,Mid,Remote,Daniel Reyes,1,2024-08-22,2024-09-25,Filled,2024-08,90,1,34.0,34
REQ-1167,Human Resources,Senior Talent Partner,Senior,Chicago,Daniel Reyes,1,2024-08-23,2024-11-01,Filled,2024-08,53,1,70.0,70
REQ-1168,Engineering,Senior DevOps Engineer,Senior,New York,Sofia Ramirez,1,2024-08-23,2025-02-19,Cancelled,2024-08,55,0,,180
REQ-1169,Engineering,Lead Backend Engineer,Lead,Remote,Maya Patel,1,2024-08-27,2024-10-01,Filled,2024-08,53,1,35.0,35
REQ-1170,Finance,Junior Financial Analyst,Entry,Remote,Grace Chen,1,2024-08-27,2024-09-24,Filled,2024-08,113,1,28.0,28
REQ-1171,Finance,Junior FP&A Manager,Entry,Remote,Daniel Reyes,3,2024-09-02,2024-10-19,Filled,2024-09,139,3,47.0,47
REQ-1172,Data & Analytics,Junior BI Developer,Entry,Remote,Jordan Lee,3,2024-09-03,2025-03-02,Cancelled,2024-09,170,2,,180
REQ-1173,Data & Analytics,Junior Data Scientist,Entry,Chicago,Jordan Lee,1,2024-09-05,2024-10-12,Filled,2024-09,108,1,37.0,37
REQ-1174,Sales,Junior Account Manager,Entry,Chicago,Hannah Cole,2,2024-09-05,2025-03-04,Cancelled,2024-09,94,1,,180
REQ-1175,Sales,Junior Account Executive,Entry,New York,Priya Nair,1,2024-09-10,2025-03-09,Cancelled,2024-09,80,0,,180
REQ-1176,Engineering,Senior Software Engineer,Senior,New York,Ethan Brooks,1,2024-09-11,2024-10-18,Filled,2024-09,60,1,37.0,37
REQ-1177,Finance,Junior Accountant,Entry,New York,Grace Chen,1,2024-09-12,2025-03-11,Cancelled,2024-09,69,0,,180
REQ-1178,Sales,Account Manager,Mid,Chicago,Hannah Cole,3,2024-09-13,2025-03-12,Cancelled,2024-09,66,2,,180
REQ-1179,Customer Support,Support Team Lead,Mid,Remote,Hannah Cole,1,2024-09-16,2024-10-22,Filled,2024-09,157,1,36.0,36
REQ-1180,Engineering,Junior QA Engineer,Entry,New York,Jordan Lee,2,2024-09-17,2024-12-11,Filled,2024-09,106,2,85.0,85
REQ-1181,Operations,Senior Procurement Specialist,Senior,Austin,Grace Chen,1,2024-09-17,2024-11-08,Filled,2024-09,52,1,52.0,52
REQ-1182,Customer Support,Senior Customer Success Manager,Senior,Chicago,Omar Haddad,1,2024-09-17,2024-10-30,Filled,2024-09,69,1,43.0,43
REQ-1183,Product,Product Designer,Mid,New York,Ethan Brooks,1,2024-09-19,2024-11-07,Filled,2024-09,68,1,49.0,49
REQ-1184,Operations,Procurement Specialist,Mid,Chicago,Grace Chen,3,2024-09-24,2024-12-16,Filled,2024-09,61,3,83.0,83
REQ-1185,Customer Support,Support Specialist,Mid,Remote,Omar Haddad,1,2024-09-25,2024-10-20,Filled,2024-09,150,1,25.0,25
REQ-1186,Finance,Senior FP&A Manager,Senior,Chicago,Grace Chen,1,2024-09-26,2024-11-01,Filled,2024-09,40,1,36.0,36
REQ-1187,Engineering,Junior Frontend Engineer,Entry,Remote,Jordan Lee,3,2024-10-02,2025-03-31,Cancelled,2024-10,159,0,,180
REQ-1188,Engineering,Senior DevOps Engineer,Senior,Remote,Maya Patel,1,2024-10-03,2024-12-20,Filled,2024-10,76,1,78.0,78
REQ-1189,Customer Support,Senior Customer Success Manager,Senior,Remote,Lucas Martin,1,2024-10-04,2024-11-05,Filled,2024-10,98,1,32.0,32
REQ-1190,Data & Analytics,Junior Data Scientist,Entry,Remote,Jordan Lee,2,2024-10-07,2024-11-12,Filled,2024-10,152,2,36.0,36
REQ-1191,Sales,Junior Account Executive,Entry,Chicago,Lucas Martin,1,2024-10-07,2024-11-21,Filled,2024-10,80,1,45.0,45
REQ-1192,Engineering,QA Engineer,Mid,Chicago,Jordan Lee,3,2024-10-08,2025-04-06,Cancelled,2024-10,66,0,,180
REQ-1193,Operations,Junior Operations Analyst,Entry,New York,Daniel Reyes,3,2024-10-08,2025-04-06,Cancelled,2024-10,96,2,,180
REQ-1194,Sales,Account Manager,Mid,Remote,Lucas Martin,1,2024-10-10,2024-11-05,Filled,2024-10,83,1,26.0,26
REQ-1195,Finance,Accountant,Mid,Chicago,Grace Chen,1,2024-10-14,2024-12-09,Filled,2024-10,52,1,56.0,56
REQ-1196,Engineering,Junior Frontend Engineer,Entry,Remote,Ethan Brooks,1,2024-10-15,2024-12-05,Filled,2024-10,175,1,51.0,51
REQ-1197,Sales,Sales Development Rep,Mid,Remote,Lucas Martin,1,2024-10-16,2024-12-01,Filled,2024-10,111,1,46.0,46
REQ-1198,Engineering,Lead DevOps Engineer,Lead,New York,Jordan Lee,1,2024-10-17,2025-04-15,Cancelled,2024-10,38,0,,180
REQ-1199,Human Resources,Senior Payroll Specialist,Senior,Remote,Grace Chen,1,2024-10-17,2024-11-28,Filled,2024-10,87,1,42.0,42
REQ-1200,Sales,Lead Sales Development Rep,Lead,Chicago,Priya Nair,1,2024-10-18,2025-04-16,Cancelled,2024-10,26,0,,180
REQ-1201,Engineering,Junior QA Engineer,Entry,New York,Maya Patel,1,2024-10-21,2024-11-13,Filled,2024-10,71,1,23.0,23
REQ-1202,Engineering,Senior QA Engineer,Senior,Remote,Maya Patel,1,2024-10-25,2025-04-23,Cancelled,2024-10,100,0,,180
REQ-1203,Sales,Senior Sales Development Rep,Senior,Remote,Lucas Martin,1,2024-10-25,2024-12-14,Filled,2024-10,71,1,50.0,50
REQ-1204,Engineering,Senior Frontend Engineer,Senior,Remote,Ethan Brooks,1,2024-10-30,2025-04-28,Cancelled,2024-10,93,0,,180
REQ-1205,Engineering,Senior Software Engineer,Senior,Austin,Jordan Lee,1,2024-10-30,2024-12-10,Filled,2024-10,48,1,41.0,41
REQ-1206,Sales,Senior Account Manager,Senior,Remote,Omar Haddad,1,2024-11-06,2025-01-06,Filled,2024-11,71,1,61.0,61
REQ-1207,Sales,Account Manager,Mid,New York,Omar Haddad,2,2024-11-06,2025-05-05,Cancelled,2024-11,60,0,,180
REQ-1208,Marketing,Senior Marketing Specialist,Senior,Austin,Lucas Martin,1,2024-11-08,2025-05-07,Cancelled,2024-11,63,0,,180
REQ-1209,Marketing,Lead Content Strategist,Lead,Austin,Priya Nair,1,2024-11-14,2025-05-13,Cancelled,2024-11,45,0,,180
REQ-1210,Product,UX Researcher,Mid,New York,Maya Patel,3,2024-11-15,2025-05-14,Cancelled,2024-11,87,0,,180
REQ-1211,Marketing,Junior Marketing Specialist,Entry,New York,Omar Haddad,2,2024-11-15,2025-05-14,Cancelled,2024-11,105,1,,180
REQ-1212,Engineering,Frontend Engineer,Mid,Chicago,Jordan Lee,1,2024-11-18,2025-01-04,Filled,2024-11,63,1,47.0,47
REQ-1213,Data & Analytics,Senior Data Analyst,Senior,Remote,Jordan Lee,1,2024-11-22,2025-01-25,Filled,2024-11,86,1,64.0,64
REQ-1214,Customer Support,Junior Customer Success Manager,Entry,Chicago,Lucas Martin,2,2024-11-27,2025-01-05,Filled,2024-11,107,2,39.0,39
REQ-1215,Engineering,Junior Backend Engineer,Entry,Austin,Maya Patel,1,2024-11-27,2025-05-26,Cancelled,2024-11,83,0,,180
REQ-1216,Engineering,Lead Backend Engineer,Lead,Remote,Maya Patel,1,2024-11-28,2025-01-09,Filled,2024-11,47,1,42.0,42
REQ-1217,Data & Analytics,Data Analyst,Mid,New York,Jordan Lee,1,2024-11-28,2025-01-08,Filled,2024-11,67,1,41.0,41
REQ-1218,Sales,Junior Account Executive,Entry,Austin,Hannah Cole,1,2024-11-29,2025-01-05,Filled,2024-11,62,1,37.0,37
REQ-1219,Engineering,Software Engineer,Mid,Remote,Sofia Ramirez,1,2024-11-29,2025-01-16,Filled,2024-11,125,1,48.0,48
REQ-1220,Engineering,Senior Software Engineer,Senior,Chicago,Ethan Brooks,1,2024-12-03,2025-04-09,Filled,2024-12,55,1,127.0,127
REQ-1221,Sales,Lead Sales Development Rep,Lead,Chicago,Hannah Cole,1,2024-12-09,2025-06-07,Cancelled,2024-12,34,0,,180
REQ-1222,Engineering,Software Engineer,Mid,Chicago,Ethan Brooks,2,2024-12-18,2025-06-16,Cancelled,2024-12,51,0,,180
REQ-1223,Customer Support,Junior Support Specialist,Entry,New York,Hannah Cole,1,2024-12-25,2025-02-02,Filled,2024-12,130,1,39.0,39
REQ-1224,Customer Support,Support Specialist,Mid,Remote,Lucas Martin,1,2024-12-26,2025-01-23,Filled,2024-12,143,1,28.0,28
REQ-1225,Marketing,Lead Marketing Specialist,Lead,Chicago,Hannah Cole,1,2024-12-27,2025-02-17,Filled,2024-12,41,1,52.0,52
REQ-1226,Customer Support,Lead Customer Success Manager,Lead,New York,Lucas Martin,1,2024-12-30,2025-02-09,Filled,2024-12,49,1,41.0,41
REQ-1227,Product,Junior Product Manager,Entry,Remote,Sofia Ramirez,1,2025-01-02,2025-03-16,Filled,2025-01,188,1,73.0,73
REQ-1228,Engineering,DevOps Engineer,Mid,Remote,Ethan Brooks,1,2025-01-02,2025-02-25,Filled,2025-01,103,1,54.0,54
REQ-1229,Sales,Sales Development Rep,Mid,Remote,Hannah Cole,1,2025-01-03,2025-07-02,Cancelled,2025-01,113,0,,180
REQ-1230,Product,Junior Product Designer,Entry,Remote,Maya Patel,1,2025-01-07,2025-02-02,Filled,2025-01,164,1,26.0,26
REQ-1231,Marketing,Senior Content Strategist,Senior,New York,Priya Nair,1,2025-01-07,2025-02-26,Filled,2025-01,63,1,50.0,50
REQ-1232,Engineering,Junior Backend Engineer,Entry,Chicago,Ethan Brooks,1,2025-01-08,2025-02-02,Filled,2025-01,83,1,25.0,25
REQ-1233,Engineering,Frontend Engineer,Mid,New York,Sofia Ramirez,2,2025-01-08,2025-07-07,Cancelled,2025-01,60,1,,180
REQ-1234,Finance,Accountant,Mid,Remote,Grace Chen,1,2025-01-08,2025-07-07,Cancelled,2025-01,98,0,,180
REQ-1235,Data & Analytics,Senior BI Developer,Senior,Austin,Jordan Lee,1,2025-01-09,2025-02-17,Filled,2025-01,55,1,39.0,39
REQ-1236,Sales,Junior Account Manager,Entry,Chicago,Lucas Martin,1,2025-01-10,2025-02-18,Filled,2025-01,70,1,39.0,39
REQ-1237,Operations,Senior Procurement Specialist,Senior,Remote,Grace Chen,1,2025-01-11,2025-02-15,Filled,2025-01,67,1,35.0,35
REQ-1238,Data & Analytics,Lead BI Developer,Lead,Austin,Ethan Brooks,1,2025-01-16,2025-02-27,Filled,2025-01,37,1,42.0,42
REQ-1239,Engineering,Senior Software Engineer,Senior,New York,Ethan Brooks,1,2025-01-17,2025-04-03,Filled,2025-01,57,1,76.0,76
REQ-1240,Customer Support,Support Team Lead,Mid,Remote,Lucas Martin,1,2025-01-23,2025-02-22,Filled,2025-01,142,1,30.0,30
REQ-1241,Sales,Senior Account Manager,Senior,Remote,Lucas Martin,1,2025-01-23,2025-02-23,Filled,2025-01,67,1,31.0,31
REQ-1242,Marketing,Senior Content Strategist,Senior,Remote,Priya Nair,1,2025-01-28,2025-07-27,Cancelled,2025-01,89,0,,180
REQ-1243,Engineering,Junior Backend Engineer,Entry,Austin,Ethan Brooks,2,2025-01-29,2025-07-28,Cancelled,2025-01,89,1,,180
REQ-1244,Sales,Junior Account Executive,Entry,Remote,Omar Haddad,1,2025-01-31,2025-03-04,Filled,2025-01,122,1,32.0,32
REQ-1245,Engineering,Backend Engineer,Mid,Remote,Jordan Lee,2,2025-02-03,2025-08-02,Cancelled,2025-02,99,0,,180
REQ-1246,Data & Analytics,Data Engineer,Mid,New York,Jordan Lee,2,2025-02-05,2025-04-06,Filled,2025-02,62,2,60.0,60
REQ-1247,Customer Support,Senior Support Specialist,Senior,Chicago,Priya Nair,1,2025-02-07,2025-03-17,Filled,2025-02,64,1,38.0,38
REQ-1248,Engineering,DevOps Engineer,Mid,Chicago,Sofia Ramirez,1,2025-02-07,2025-08-06,Cancelled,2025-02,65,0,,180
REQ-1249,Data & Analytics,Junior Data Engineer,Entry,New York,Jordan Lee,1,2025-02-07,2025-03-23,Filled,2025-02,97,1,44.0,44
REQ-1250,Operations,Senior Project Coordinator,Senior,Remote,Grace Chen,1,2025-02-10,2025-08-09,Cancelled,2025-02,79,0,,180
REQ-1251,Operations,Procurement Specialist,Mid,Austin,Grace Chen,1,2025-02-10,2025-08-09,Cancelled,2025-02,62,0,,180
REQ-1252,Sales,Account Manager,Mid,New York,Omar Haddad,1,2025-02-10,2025-03-04,Filled,2025-02,54,1,22.0,22
REQ-1253,Customer Support,Senior Support Specialist,Senior,New York,Priya Nair,1,2025-02-12,2025-03-24,Filled,2025-02,59,1,40.0,40
REQ-1254,Marketing,Senior Content Strategist,Senior,Chicago,Lucas Martin,1,2025-02-13,2025-03-13,Filled,2025-02,62,1,28.0,28
REQ-1255,Sales,Senior Account Executive,Senior,New York,Priya Nair,1,2025-02-14,2025-03-20,Filled,2025-02,34,1,34.0,34
REQ-1256,Finance,FP&A Manager,Mid,Austin,Grace Chen,1,2025-02-17,2025-04-21,Filled,2025-02,69,1,63.0,63
REQ-1257,Engineering,Senior Software Engineer,Senior,Austin,Ethan Brooks,1,2025-02-20,2025-08-19,Cancelled,2025-02,46,0,,180
REQ-1258,Finance,Financial Analyst,Mid,Austin,Daniel Reyes,1,2025-02-24,2025-04-28,Filled,2025-02,59,1,63.0,63
REQ-1259,Engineering,Senior QA Engineer,Senior,New York,Jordan Lee,1,2025-02-24,2025-04-21,Filled,2025-02,43,1,56.0,56
REQ-1260,Finance,Financial Analyst,Mid,New York,Grace Chen,1,2025-02-26,2025-03-15,Filled,2025-02,46,1,17.0,17
REQ-1261,Customer Support,Support Specialist,Mid,Chicago,Priya Nair,2,2025-02-26,2025-03-29,Filled,2025-02,79,2,31.0,31
REQ-1262,Sales,Senior Sales Development Rep,Senior,New York,Lucas Martin,1,2025-02-27,2025-04-02,Filled,2025-02,33,1,34.0,34
REQ-1263,Customer Support,Junior Customer Success Manager,Entry,Remote,Omar Haddad,1,2025-02-28,2025-04-09,Filled,2025-02,222,1,40.0,40
REQ-1264,Sales,Account Executive,Mid,Remote,Lucas Martin,2,2025-03-03,2025-04-16,Filled,2025-03,109,2,44.0,44
REQ-1265,Customer Support,Junior Support Specialist,Entry,Chicago,Omar Haddad,1,2025-03-04,2025-04-17,Filled,2025-03,120,1,44.0,44
REQ-1266,Engineering,Lead Backend Engineer,Lead,Chicago,Maya Patel,1,2025-03-04,2025-08-31,Cancelled,2025-03,25,0,,180
REQ-1267,Sales,Sales Development Rep,Mid,New York,Lucas Martin,1,2025-03-04,2025-03-30,Filled,2025-03,56,1,26.0,26
REQ-1268,Human Resources,Payroll Specialist,Mid,New York,Grace Chen,3,2025-03-06,2025-05-04,Filled,2025-03,61,3,59.0,59
REQ-1269,Operations,Junior Operations Analyst,Entry,Austin,Daniel Reyes,2,2025-03-12,2025-06-04,Filled,2025-03,79,2,84.0,84
REQ-1270,Engineering,Backend Engineer,Mid,New York,Maya Patel,1,2025-03-13,2025-04-30,Filled,2025-03,73,1,48.0,48
REQ-1271,Data & Analytics,Junior Data Analyst,Entry,New York,Maya Patel,1,2025-03-14,2025-05-13,Filled,2025-03,110,1,60.0,60
REQ-1272,Human Resources,Payroll Specialist,Mid,Remote,Grace Chen,1,2025-03-14,2025-04-01,Filled,2025-03,95,1,18.0,18
REQ-1273,Product,Product Manager,Mid,Austin,Sofia Ramirez,1,2025-03-17,2025-09-13,Cancelled,2025-03,68,0,,180
REQ-1274,Engineering,Backend Engineer,Mid,Austin,Sofia Ramirez,1,2025-03-19,2025-07-04,Filled,2025-03,72,1,107.0,107
REQ-1275,Customer Support,Senior Support Specialist,Senior,Remote,Hannah Cole,1,2025-03-19,2025-04-17,Filled,2025-03,113,1,29.0,29
REQ-1276,Sales,Sales Development Rep,Mid,Austin,Omar Haddad,1,2025-03-19,2025-04-20,Filled,2025-03,61,1,32.0,32
REQ-1277,Customer Support,Customer Success Manager,Mid,Remote,Omar Haddad,1,2025-03-20,2025-04-22,Filled,2025-03,135,1,33.0,33
REQ-1278,Sales,Account Executive,Mid,Austin,Hannah Cole,1,2025-03-24,2025-05-12,Filled,2025-03,55,1,49.0,49
REQ-1279,Sales,Account Manager,Mid,Austin,Hannah Cole,1,2025-03-25,2025-04-27,Filled,2025-03,56,1,33.0,33
REQ-1280,Sales,Senior Sales Development Rep,Senior,Austin,Priya Nair,1,2025-03-26,2025-09-22,Cancelled,2025-03,48,0,,180
REQ-1281,Data & Analytics,Lead Data Scientist,Lead,Austin,Jordan Lee,1,2025-03-28,2025-04-27,Filled,2025-03,44,1,30.0,30
REQ-1282,Human Resources,Junior Payroll Specialist,Entry,New York,Grace Chen,1,2025-03-28,2025-05-07,Filled,2025-03,102,1,40.0,40
REQ-1283,Customer Support,Support Specialist,Mid,Remote,Omar Haddad,2,2025-03-31,2025-05-03,Filled,2025-03,140,2,33.0,33
REQ-1284,Customer Support,Senior Customer Success Manager,Senior,Remote,Lucas Martin,1,2025-04-01,2025-04-26,Filled,2025-04,93,1,25.0,25
REQ-1285,Human Resources,Senior HR Generalist,Senior,New York,Daniel Reyes,1,2025-04-02,2025-06-08,Filled,2025-04,55,1,67.0,67
REQ-1286,Data & Analytics,Data Scientist,Mid,New York,Jordan Lee,1,2025-04-03,2025-06-10,Filled,2025-04,83,1,68.0,68
REQ-1287,Human Resources,HR Generalist,Mid,Remote,Daniel Reyes,1,2025-04-04,2025-05-03,Filled,2025-04,83,1,29.0,29
REQ-1288,Finance,Financial Analyst,Mid,Remote,Grace Chen,1,2025-04-07,2025-05-17,Filled,2025-04,88,1,40.0,40
REQ-1289,Sales,Account Executive,Mid,New York,Priya Nair,2,2025-04-08,2025-10-05,Cancelled,2025-04,62,1,,180
REQ-1290,Sales,Junior Account Executive,Entry,Austin,Priya Nair,3,2025-04-09,2025-10-06,Cancelled,2025-04,77,0,,180
REQ-1291,Engineering,Software Engineer,Mid,New York,Jordan Lee,3,2025-04-11,2025-10-08,Cancelled,2025-04,75,0,,180
REQ-1292,Customer Support,Lead Customer Success Manager,Lead,Austin,Omar Haddad,1,2025-04-11,2025-10-08,Cancelled,2025-04,37,0,,180
REQ-1293,Engineering,QA Engineer,Mid,Remote,Jordan Lee,2,2025-04-17,2025-10-14,Cancelled,2025-04,111,1,,180
REQ-1294,Sales,Junior Account Executive,Entry,New York,Omar Haddad,3,2025-04-18,2025-10-15,Cancelled,2025-04,76,0,,180
REQ-1295,Engineering,Software Engineer,Mid,New York,Ethan Brooks,1,2025-04-22,2025-05-29,Filled,2025-04,73,1,37.0,37
REQ-1296,Engineering,QA Engineer,Mid,Chicago,Jordan Lee,1,2025-04-22,2025-10-19,Cancelled,2025-04,64,0,,180
REQ-1297,Marketing,Senior Content Strategist,Senior,Remote,Lucas Martin,1,2025-04-25,2025-05-14,Filled,2025-04,101,1,19.0,19
REQ-1298,Sales,Senior Account Executive,Senior,Remote,Lucas Martin,1,2025-04-25,2025-06-03,Filled,2025-04,74,1,39.0,39
REQ-1299,Customer Support,Senior Customer Success Manager,Senior,New York,Lucas Martin,1,2025-04-30,2025-06-11,Filled,2025-04,72,1,42.0,42
REQ-1300,Customer Support,Support Specialist,Mid,New York,Priya Nair,3,2025-05-06,2025-06-27,Filled,2025-05,107,3,52.0,52
REQ-1301,Operations,Project Coordinator,Mid,New York,Grace Chen,2,2025-05-06,2025-06-24,Filled,2025-05,42,2,49.0,49
REQ-1302,Engineering,QA Engineer,Mid,New York,Maya Patel,1,2025-05-07,2025-07-04,Filled,2025-05,67,1,58.0,58
REQ-1303,Marketing,Content Strategist,Mid,New York,Omar Haddad,3,2025-05-07,2025-11-03,Cancelled,2025-05,88,0,,180
REQ-1304,Marketing,Content Strategist,Mid,Chicago,Omar Haddad,1,2025-05-08,2025-06-06,Filled,2025-05,70,1,29.0,29
REQ-1305,Marketing,Senior Marketing Specialist,Senior,Chicago,Omar Haddad,1,2025-05-08,2025-06-18,Filled,2025-05,65,1,41.0,41
REQ-1306,Sales,Senior Account Manager,Senior,New York,Omar Haddad,1,2025-05-09,2025-11-05,Cancelled,2025-05,42,0,,180
REQ-1307,Sales,Sales Development Rep,Mid,New York,Lucas Martin,1,2025-05-09,2025-11-05,Cancelled,2025-05,56,0,,180
REQ-1308,Finance,Junior Financial Analyst,Entry,Remote,Grace Chen,1,2025-05-13,2025-07-15,Filled,2025-05,136,1,63.0,63
REQ-1309,Sales,Junior Account Executive,Entry,Chicago,Omar Haddad,2,2025-05-14,2025-11-10,Cancelled,2025-05,74,1,,180
REQ-1310,Sales,Account Manager,Mid,Chicago,Lucas Martin,2,2025-05-15,2025-06-19,Filled,2025-05,54,2,35.0,35
REQ-1311,Customer Support,Customer Success Manager,Mid,Remote,Omar Haddad,1,2025-05-15,2025-06-07,Filled,2025-05,118,1,23.0,23
REQ-1312,Engineering,Frontend Engineer,Mid,Chicago,Maya Patel,1,2025-05-16,2025-11-12,Cancelled,2025-05,86,0,,180
REQ-1313,Sales,Junior Sales Development Rep,Entry,New York,Hannah Cole,2,2025-05-16,2025-11-12,Cancelled,2025-05,92,1,,180
REQ-1314,Engineering,QA Engineer,Mid,Chicago,Sofia Ramirez,1,2025-05-22,2025-07-02,Filled,2025-05,69,1,41.0,41
REQ-1315,Engineering,Junior Software Engineer,Entry,Remote,Jordan Lee,1,2025-05-23,2025-06-23,Filled,2025-05,149,1,31.0,31
REQ-1316,Engineering,Junior Software Engineer,Entry,New York,Jordan Lee,2,2025-05-26,2025-11-22,Cancelled,2025-05,101,1,,180
REQ-1317,Engineering,Junior Backend Engineer,Entry,New York,Jordan Lee,2,2025-05-29,2025-11-25,Cancelled,2025-05,92,0,,180
REQ-1318,Engineering,Junior QA Engineer,Entry,Chicago,Ethan Brooks,1,2025-05-30,2025-07-10,Filled,2025-05,90,1,41.0,41
REQ-1319,Sales,Junior Sales Development Rep,Entry,Austin,Lucas Martin,1,2025-06-05,2025-07-09,Filled,2025-06,90,1,34.0,34
REQ-1320,Marketing,Content Strategist,Mid,Chicago,Priya Nair,1,2025-06-06,2025-07-17,Filled,2025-06,87,1,41.0,41
REQ-1321,Finance,Senior FP&A Manager,Senior,Chicago,Daniel Reyes,1,2025-06-09,2025-08-08,Filled,2025-06,56,1,60.0,60
REQ-1322,Sales,Junior Account Executive,Entry,Austin,Lucas Martin,1,2025-06-10,2025-07-14,Filled,2025-06,68,1,34.0,34
REQ-1323,Human Resources,Talent Partner,Mid,New York,Daniel Reyes,2,2025-06-10,2025-08-12,Filled,2025-06,78,2,63.0,63
REQ-1324,Product,Senior UX Researcher,Senior,Chicago,Maya Patel,1,2025-06-11,2025-07-30,Filled,2025-06,81,1,49.0,49
REQ-1325,Customer Support,Junior Support Specialist,Entry,Austin,Lucas Martin,3,2025-06-12,2025-12-09,Cancelled,2025-06,135,2,,180
REQ-1326,Sales,Sales Development Rep,Mid,Chicago,Priya Nair,2,2025-06-13,2025-07-10,Filled,2025-06,55,2,27.0,27
REQ-1327,Marketing,Marketing Specialist,Mid,Remote,Priya Nair,1,2025-06-17,2025-07-15,Filled,2025-06,147,1,28.0,28
REQ-1328,Data & Analytics,Senior Data Engineer,Senior,Remote,Ethan Brooks,1,2025-06-17,2025-12-14,Cancelled,2025-06,102,0,,180
REQ-1329,Operations,Senior Project Coordinator,Senior,Chicago,Grace Chen,1,2025-06-17,2025-07-28,Filled,2025-06,42,1,41.0,41
REQ-1330,Customer Support,Support Specialist,Mid,Chicago,Priya Nair,1,2025-06-27,2025-07-29,Filled,2025-06,100,1,32.0,32
REQ-1331,Engineering,DevOps Engineer,Mid,New York,Jordan Lee,1,2025-06-30,2025-08-11,Filled,2025-06,82,1,42.0,42
REQ-1332,Sales,Junior Account Executive,Entry,New York,Lucas Martin,1,2025-07-01,2025-08-17,Filled,2025-07,85,1,47.0,47
REQ-1333,Operations,Junior Procurement Specialist,Entry,New York,Grace Chen,1,2025-07-02,2025-07-26,Filled,2025-07,86,1,24.0,24
REQ-1334,Engineering,Junior DevOps Engineer,Entry,Chicago,Sofia Ramirez,1,2025-07-04,2025-08-26,Filled,2025-07,107,1,53.0,53
REQ-1335,Data & Analytics,Data Scientist,Mid,New York,Ethan Brooks,3,2025-07-04,2025-12-31,Cancelled,2025-07,77,1,,180
REQ-1336,Customer Support,Junior Support Specialist,Entry,New York,Lucas Martin,1,2025-07-04,2025-07-21,Filled,2025-07,109,1,17.0,17
REQ-1337,Engineering,Lead Software Engineer,Lead,Chicago,Maya Patel,1,2025-07-08,2025-08-20,Filled,2025-07,35,1,43.0,43
REQ-1338,Customer Support,Senior Customer Success Manager,Senior,New York,Omar Haddad,1,2025-07-08,2025-08-14,Filled,2025-07,69,1,37.0,37
REQ-1339,Marketing,Content Strategist,Mid,Remote,Lucas Martin,1,2025-07-09,2025-08-29,Filled,2025-07,144,1,51.0,51
REQ-1340,Customer Support,Senior Support Specialist,Senior,Remote,Lucas Martin,1,2025-07-15,2025-08-19,Filled,2025-07,108,1,35.0,35
REQ-1341,Sales,Lead Account Executive,Lead,Remote,Lucas Martin,1,2025-07-21,2025-08-29,Filled,2025-07,41,1,39.0,39
REQ-1342,Operations,Senior Project Coordinator,Senior,New York,Grace Chen,1,2025-07-21,2025-08-23,Filled,2025-07,47,1,33.0,33
REQ-1343,Product,Product Designer,Mid,New York,Maya Patel,1,2025-07-21,2025-08-25,Filled,2025-07,74,1,35.0,35
REQ-1344,Marketing,Lead Growth Marketer,Lead,New York,Omar Haddad,1,2025-07-21,2025-09-21,Filled,2025-07,33,1,62.0,62
REQ-1345,Engineering,Senior Software Engineer,Senior,Remote,Ethan Brooks,1,2025-07-22,2025-09-06,Filled,2025-07,88,1,46.0,46
REQ-1346,Sales,Senior Account Manager,Senior,Austin,Priya Nair,1,2025-07-25,2025-08-27,Filled,2025-07,57,1,33.0,33
REQ-1347,Sales,Junior Account Executive,Entry,New York,Hannah Cole,1,2025-07-29,2025-08-25,Filled,2025-07,64,1,27.0,27
REQ-1348,Operations,Project Coordinator,Mid,Chicago,Grace Chen,2,2025-07-30,2025-09-10,Filled,2025-07,69,2,42.0,42
REQ-1349,Operations,Junior Operations Analyst,Entry,Chicago,Grace Chen,2,2025-07-30,2025-09-04,Filled,2025-07,88,2,36.0,36
REQ-1350,Engineering,Junior QA Engineer,Entry,Remote,Jordan Lee,1,2025-07-31,2025-10-12,Filled,2025-07,161,1,73.0,73
REQ-1351,Engineering,Junior QA Engineer,Entry,Austin,Sofia Ramirez,1,2025-07-31,2025-11-02,Filled,2025-07,96,1,94.0,94
REQ-1352,Engineering,Backend Engineer,Mid,Remote,Jordan Lee,1,2025-08-07,2025-09-28,Filled,2025-08,113,1,52.0,52
REQ-1353,Engineering,Lead DevOps Engineer,Lead,New York,Jordan Lee,1,2025-08-11,,Open,2025-08,28,0,,142
REQ-1354,Customer Support,Support Team Lead,Mid,Remote,Priya Nair,2,2025-08-13,,Open,2025-08,132,1,,140
REQ-1355,Sales,Lead Account Manager,Lead,Chicago,Lucas Martin,1,2025-08-13,,Open,2025-08,38,0,,140
REQ-1356,Sales,Junior Account Manager,Entry,New York,Omar Haddad,3,2025-08-13,,Open,2025-08,93,0,,140
REQ-1357,Sales,Lead Account Executive,Lead,Chicago,Hannah Cole,1,2025-08-13,,Open,2025-08,21,0,,140
REQ-1358,Engineering,Senior DevOps Engineer,Senior,Chicago,Maya Patel,1,2025-08-15,,Open,2025-08,50,0,,138
REQ-1359,Product,Senior UX Researcher,Senior,Austin,Jordan Lee,1,2025-08-18,,Open,2025-08,54,0,,135
REQ-1360,Operations,Senior Operations Analyst,Senior,Austin,Daniel Reyes,1,2025-08-20,2025-10-01,Filled,2025-08,51,1,42.0,42
REQ-1361,Finance,Financial Analyst,Mid,Remote,Daniel Reyes,1,2025-08-21,2025-10-10,Filled,2025-08,102,1,50.0,50
REQ-1362,Marketing,Senior Content Strategist,Senior,Chicago,Omar Haddad,1,2025-08-24,2025-12-09,Filled,2025-08,70,1,107.0,107
REQ-1363,Engineering,Lead Software Engineer,Lead,Austin,Sofia Ramirez,1,2025-08-26,2025-10-09,Filled,2025-08,40,1,44.0,44
REQ-1364,Operations,Operations Analyst,Mid,Austin,Daniel Reyes,1,2025-08-26,,Open,2025-08,62,0,,127
REQ-1365,Sales,Junior Sales Development Rep,Entry,Austin,Hannah Cole,3,2025-08-28,,Open,2025-08,91,2,,125
REQ-1366,Marketing,Senior Marketing Specialist,Senior,Remote,Hannah Cole,1,2025-08-29,2025-10-12,Filled,2025-08,92,1,44.0,44
REQ-1367,Engineering,Lead Software Engineer,Lead,Remote,Jordan Lee,1,2025-09-03,2025-11-22,Filled,2025-09,63,1,80.0,80
REQ-1368,Data & Analytics,Lead Data Engineer,Lead,New York,Jordan Lee,1,2025-09-03,,Open,2025-09,45,0,,119
REQ-1369,Product,Senior UX Researcher,Senior,Chicago,Jordan Lee,1,2025-09-04,,Open,2025-09,57,0,,118
REQ-1370,Product,Product Designer,Mid,Austin,Ethan Brooks,1,2025-09-09,2025-10-13,Filled,2025-09,60,1,34.0,34
REQ-1371,Engineering,Lead Frontend Engineer,Lead,Austin,Maya Patel,1,2025-09-10,2025-10-27,Filled,2025-09,30,1,47.0,47
REQ-1372,Customer Support,Customer Success Manager,Mid,New York,Hannah Cole,1,2025-09-10,,Open,2025-09,70,0,,112
REQ-1373,Engineering,Junior DevOps Engineer,Entry,Remote,Sofia Ramirez,1,2025-09-11,2025-10-20,Filled,2025-09,189,1,39.0,39
REQ-1374,Marketing,Junior Content Strategist,Entry,Austin,Lucas Martin,1,2025-09-12,2025-10-11,Filled,2025-09,117,1,29.0,29
REQ-1375,Marketing,Marketing Specialist,Mid,Chicago,Lucas Martin,1,2025-09-15,2025-10-19,Filled,2025-09,85,1,34.0,34
REQ-1376,Customer Support,Junior Customer Success Manager,Entry,Austin,Lucas Martin,1,2025-09-19,2025-10-26,Filled,2025-09,124,1,37.0,37
REQ-1377,Data & Analytics,Senior Data Engineer,Senior,Austin,Ethan Brooks,1,2025-09-19,2025-11-28,Filled,2025-09,61,1,70.0,70
REQ-1378,Data & Analytics,Data Engineer,Mid,Chicago,Jordan Lee,1,2025-09-19,2025-10-10,Filled,2025-09,74,1,21.0,21
REQ-1379,Customer Support,Senior Customer Success Manager,Senior,Austin,Omar Haddad,1,2025-09-23,2025-11-06,Filled,2025-09,55,1,44.0,44
REQ-1380,Product,Senior Product Designer,Senior,New York,Sofia Ramirez,1,2025-09-24,,Open,2025-09,63,0,,98
REQ-1381,Engineering,QA Engineer,Mid,Chicago,Jordan Lee,2,2025-09-24,,Open,2025-09,75,0,,98
REQ-1382,Human Resources,Payroll Specialist,Mid,New York,Daniel Reyes,1,2025-09-25,2025-12-05,Filled,2025-09,81,1,71.0,71
REQ-1383,Engineering,Backend Engineer,Mid,Chicago,Maya Patel,1,2025-09-26,2025-11-07,Filled,2025-09,74,1,42.0,42
REQ-1384,Human Resources,HR Generalist,Mid,Austin,Grace Chen,1,2025-09-26,2025-10-26,Filled,2025-09,69,1,30.0,30
REQ-1385,Data & Analytics,Junior Data Scientist,Entry,Remote,Maya Patel,3,2025-09-29,2025-11-07,Filled,2025-09,182,3,39.0,39
REQ-1386,Product,Junior Product Manager,Entry,Remote,Maya Patel,1,2025-10-01,2025-10-24,Filled,2025-10,136,1,23.0,23
REQ-1387,Operations,Senior Project Coordinator,Senior,Remote,Grace Chen,1,2025-10-01,2025-11-14,Filled,2025-10,79,1,44.0,44
REQ-1388,Sales,Sales Development Rep,Mid,Remote,Priya Nair,1,2025-10-02,2025-11-12,Filled,2025-10,94,1,41.0,41
REQ-1389,Customer Support,Senior Support Team Lead,Senior,Remote,Hannah Cole,1,2025-10-02,2025-11-10,Filled,2025-10,108,1,39.0,39
REQ-1390,Sales,Senior Account Executive,Senior,New York,Hannah Cole,1,2025-10-09,2025-11-06,Filled,2025-10,39,1,28.0,28
REQ-1391,Human Resources,HR Generalist,Mid,New York,Grace Chen,1,2025-10-09,2025-11-11,Filled,2025-10,50,1,33.0,33
REQ-1392,Customer Support,Lead Customer Success Manager,Lead,Chicago,Lucas Martin,1,2025-10-14,2025-11-20,Filled,2025-10,46,1,37.0,37
REQ-1393,Sales,Junior Sales Development Rep,Entry,New York,Hannah Cole,1,2025-10-15,2025-11-20,Filled,2025-10,86,1,36.0,36
REQ-1394,Engineering,QA Engineer,Mid,Remote,Jordan Lee,1,2025-10-16,2025-11-20,Filled,2025-10,101,1,35.0,35
REQ-1395,Product,UX Researcher,Mid,New York,Jordan Lee,1,2025-10-17,2025-12-11,Filled,2025-10,72,1,55.0,55
REQ-1396,Sales,Account Manager,Mid,Austin,Priya Nair,2,2025-10-17,2025-11-23,Filled,2025-10,59,2,37.0,37
REQ-1397,Data & Analytics,Lead BI Developer,Lead,Remote,Ethan Brooks,1,2025-10-20,2025-11-24,Filled,2025-10,63,1,35.0,35
REQ-1398,Sales,Sales Development Rep,Mid,New York,Hannah Cole,1,2025-10-21,2025-12-01,Filled,2025-10,61,1,41.0,41
REQ-1399,Engineering,Software Engineer,Mid,Remote,Ethan Brooks,1,2025-10-23,,Open,2025-10,129,0,,69
REQ-1400,Sales,Junior Sales Development Rep,Entry,New York,Priya Nair,1,2025-10-28,2025-11-30,Filled,2025-10,92,1,33.0,33
REQ-1401,Sales,Account Manager,Mid,Remote,Omar Haddad,1,2025-10-29,2025-12-03,Filled,2025-10,80,1,35.0,35
REQ-1402,Customer Support,Lead Support Team Lead,Lead,Remote,Lucas Martin,1,2025-10-30,2025-12-11,Filled,2025-10,78,1,42.0,42
REQ-1403,Customer Support,Junior Customer Success Manager,Entry,Chicago,Priya Nair,1,2025-11-03,2025-12-06,Filled,2025-11,112,1,33.0,33
REQ-1404,Customer Support,Customer Success Manager,Mid,New York,Omar Haddad,1,2025-11-06,2025-12-22,Filled,2025-11,103,1,46.0,46
REQ-1405,Sales,Senior Account Manager,Senior,Chicago,Priya Nair,1,2025-11-07,,Open,2025-11,46,0,,54
REQ-1406,Sales,Account Manager,Mid,Austin,Priya Nair,2,2025-11-10,,Open,2025-11,45,1,,51
REQ-1407,Human Resources,Junior Talent Partner,Entry,Remote,Daniel Reyes,2,2025-11-10,2025-12-25,Filled,2025-11,157,2,45.0,45
REQ-1408,Product,Product Manager,Mid,Remote,Ethan Brooks,1,2025-11-11,2025-12-12,Filled,2025-11,122,1,31.0,31
REQ-1409,Customer Support,Customer Success Manager,Mid,Remote,Priya Nair,1,2025-11-11,2025-12-09,Filled,2025-11,147,1,28.0,28
REQ-1410,Operations,Project Coordinator,Mid,Remote,Grace Chen,3,2025-11-11,,Open,2025-11,104,1,,50
REQ-1411,Operations,Junior Procurement Specialist,Entry,Chicago,Grace Chen,1,2025-11-12,2025-12-21,Filled,2025-11,79,1,39.0,39
REQ-1412,Sales,Junior Account Manager,Entry,Remote,Hannah Cole,1,2025-11-13,2025-12-19,Filled,2025-11,134,1,36.0,36
REQ-1413,Data & Analytics,Junior BI Developer,Entry,Remote,Ethan Brooks,2,2025-11-13,,Open,2025-11,193,1,,48
REQ-1414,Marketing,Marketing Specialist,Mid,New York,Lucas Martin,1,2025-11-18,2025-12-25,Filled,2025-11,82,1,37.0,37
REQ-1415,Customer Support,Customer Success Manager,Mid,Remote,Omar Haddad,1,2025-11-19,,Open,2025-11,172,0,,42
REQ-1416,Sales,Account Executive,Mid,Chicago,Hannah Cole,2,2025-11-24,,Open,2025-11,52,0,,37
REQ-1417,Product,Product Designer,Mid,New York,Jordan Lee,2,2025-11-26,,Open,2025-11,64,0,,35
REQ-1418,Sales,Senior Account Manager,Senior,New York,Hannah Cole,1,2025-11-26,,Open,2025-11,45,0,,35
REQ-1419,Engineering,Junior DevOps Engineer,Entry,Chicago,Jordan Lee,1,2025-12-03,,Open,2025-12,103,0,,28
REQ-1420,Data & Analytics,Senior Data Scientist,Senior,Remote,Maya Patel,1,2025-12-05,,Open,2025-12,82,0,,26
