recruiter_name,requisitions,applications,avg_resume_screen_days,avg_phone_screen_days,hires,avg_time_to_hire,withdrawal_pct,fill_rate_pct
Lucas Martin,62,5136,3.7,6.0,64,31.2,4.63,85.2
Jordan Lee,59,4880,3.7,6.1,46,39.1,3.93,63.5
Grace Chen,48,3670,3.2,5.1,55,31.0,4.31,78.7
Omar Haddad,45,3897,3.3,5.6,37,35.0,5.06,72.1
Ethan Brooks,45,3489,4.5,6.9,32,38.8,4.9,62.8
Priya Nair,41,3140,3.1,5.2,38,30.8,4.71,71.1
Maya Patel,36,3174,3.0,4.8,33,33.2,3.4,76.5
Hannah Cole,36,3131,4.4,6.7,35,31.7,4.98,80.6
Sofia Ramirez,24,2302,3.6,6.4,17,36.6,4.34,69.6
Daniel Reyes,24,1854,4.1,6.5,25,36.9,5.39,78.3
