month,applications,hires,avg_time_to_hire
2024-01,1216,1,26.0
2024-02,1577,10,32.7
2024-03,1393,23,31.7
2024-04,1959,17,29.4
2024-05,2104,15,40.1
2024-06,1796,20,35.9
2024-07,1783,28,34.1
2024-08,1633,17,41.1
2024-09,1496,20,32.8
2024-10,1622,18,36.3
2024-11,1003,14,35.9
2024-12,784,10,39.7
2025-01,1459,12,39.0
2025-02,1205,14,29.4
2025-03,1635,14,29.1
2025-04,1441,22,34.5
2025-05,1459,11,33.5
2025-06,1271,19,34.1
2025-07,1352,19,28.2
2025-08,1230,17,31.8
2025-09,1391,6,39.3
2025-10,1567,17,29.9
2025-11,1700,20,33.9
2025-12,597,18,35.4
