hire_id,application_id,start_date,employment_status,exit_date,performance_rating_6m
HIRE-3001,APP-200024,2024-03-13,Active,,3.0
HIRE-3002,APP-200085,2024-03-14,Left,2025-07-24,3.0
HIRE-3003,APP-200167,2024-04-03,Active,,3.0
HIRE-3004,APP-200181,2024-02-21,Active,,4.0
HIRE-3005,APP-200284,2024-03-10,Active,,2.0
HIRE-3006,APP-200296,2024-03-04,Left,2025-05-26,3.0
HIRE-3007,APP-200414,2024-03-25,Active,,3.0
HIRE-3008,APP-200471,2024-03-23,Left,2024-09-11,
HIRE-3009,APP-200649,2024-03-17,Active,,2.0
HIRE-3010,APP-200867,2024-02-28,Active,,4.0
HIRE-3011,APP-200957,2024-03-06,Active,,3.0
HIRE-3012,APP-201218,2024-03-22,Active,,2.0
HIRE-3013,APP-201360,2024-03-10,Active,,3.0
HIRE-3014,APP-201565,2024-04-20,Active,,4.0
HIRE-3015,APP-201662,2024-05-07,Active,,4.0
HIRE-3016,APP-201736,2024-04-21,Active,,3.0
HIRE-3017,APP-201779,2024-03-26,Active,,2.0
HIRE-3018,APP-202016,2024-04-21,Active,,3.0
HIRE-3019,APP-202019,2024-04-17,Active,,2.0
HIRE-3020,APP-202062,2024-04-03,Left,2024-07-14,
HIRE-3021,APP-202218,2024-04-09,Active,,5.0
HIRE-3022,APP-202222,2024-04-10,Active,,4.0
HIRE-3023,APP-202286,2024-04-13,Left,2024-09-28,
HIRE-3024,APP-202364,2024-04-11,Active,,3.0
HIRE-3025,APP-202439,2024-04-07,Active,,3.0
HIRE-3026,APP-202543,2024-04-07,Active,,2.0
HIRE-3027,APP-202630,2024-04-19,Active,,3.0
HIRE-3028,APP-202662,2024-04-27,Active,,4.0
HIRE-3029,APP-202700,2024-04-06,Left,2025-09-30,3.0
HIRE-3030,APP-202702,2024-04-03,Active,,1.0
HIRE-3031,APP-202791,2024-04-08,Active,,3.0
HIRE-3032,APP-202917,2024-05-10,Active,,3.0
HIRE-3033,APP-202970,2024-04-14,Active,,2.0
HIRE-3034,APP-202984,2024-04-14,Active,,4.0
HIRE-3035,APP-203146,2024-04-23,Active,,3.0
HIRE-3036,APP-203266,2024-06-24,Active,,3.0
HIRE-3037,APP-203286,2024-04-10,Left,2024-07-18,
HIRE-3038,APP-203409,2024-04-23,Left,2025-05-20,4.0
HIRE-3039,APP-203472,2024-05-01,Active,,3.0
HIRE-3040,APP-203628,2024-05-05,Active,,3.0
HIRE-3041,APP-203630,2024-05-07,Active,,3.0
HIRE-3042,APP-203638,2024-05-04,Active,,2.0
HIRE-3043,APP-203777,2024-06-01,Active,,3.0
HIRE-3044,APP-203850,2024-04-18,Active,,3.0
HIRE-3045,APP-203923,2024-05-18,Active,,3.0
HIRE-3046,APP-203945,2024-04-30,Active,,2.0
HIRE-3047,APP-204098,2024-05-24,Active,,2.0
HIRE-3048,APP-204293,2024-05-20,Active,,3.0
HIRE-3049,APP-204423,2024-06-08,Active,,1.0
HIRE-3050,APP-204495,2024-05-13,Active,,3.0
HIRE-3051,APP-204588,2024-07-25,Active,,2.0
HIRE-3052,APP-204745,2024-07-04,Left,2025-06-25,4.0
HIRE-3053,APP-204798,2024-07-01,Left,2024-08-08,
HIRE-3054,APP-204927,2024-05-20,Active,,4.0
HIRE-3055,APP-205041,2024-05-20,Active,,5.0
HIRE-3056,APP-205159,2024-05-14,Left,2025-12-18,3.0
HIRE-3057,APP-205195,2024-05-12,Active,,3.0
HIRE-3058,APP-205254,2024-06-08,Active,,3.0
HIRE-3059,APP-205381,2024-06-13,Active,,5.0
HIRE-3060,APP-205632,2024-05-29,Left,2025-03-06,3.0
HIRE-3061,APP-205774,2024-07-13,Active,,2.0
HIRE-3062,APP-205898,2024-06-08,Active,,3.0
HIRE-3063,APP-206012,2024-07-11,Active,,3.0
HIRE-3064,APP-206082,2024-07-03,Active,,4.0
HIRE-3065,APP-206126,2024-06-12,Active,,4.0
HIRE-3066,APP-206302,2024-06-07,Active,,3.0
HIRE-3067,APP-206304,2024-06-13,Active,,3.0
HIRE-3068,APP-206439,2024-06-17,Active,,4.0
HIRE-3069,APP-206462,2024-06-14,Left,2025-04-03,3.0
HIRE-3070,APP-206563,2024-06-15,Left,2025-04-24,2.0
HIRE-3071,APP-206645,2024-07-13,Active,,4.0
HIRE-3072,APP-206774,2024-07-20,Active,,3.0
HIRE-3073,APP-206858,2024-07-14,Left,2025-03-30,4.0
HIRE-3074,APP-206923,2024-07-01,Left,2025-12-18,2.0
HIRE-3075,APP-207089,2024-07-09,Active,,5.0
HIRE-3076,APP-207304,2024-07-25,Active,,3.0
HIRE-3077,APP-207387,2024-06-15,Active,,3.0
HIRE-3078,APP-207498,2024-08-04,Left,2024-10-06,
HIRE-3079,APP-207610,2024-08-06,Left,2024-10-24,
HIRE-3080,APP-207627,2024-07-16,Active,,4.0
HIRE-3081,APP-207741,2024-07-06,Active,,3.0
HIRE-3082,APP-207881,2024-08-10,Active,,4.0
HIRE-3083,APP-207906,2024-07-20,Active,,4.0
HIRE-3084,APP-207956,2024-08-10,Active,,3.0
HIRE-3085,APP-208040,2024-07-28,Active,,4.0
HIRE-3086,APP-208074,2024-07-12,Active,,3.0
HIRE-3087,APP-208100,2024-08-02,Active,,4.0
HIRE-3088,APP-208201,2024-07-24,Left,2024-08-14,
HIRE-3089,APP-208219,2024-08-08,Active,,4.0
HIRE-3090,APP-208301,2024-07-04,Active,,3.0
HIRE-3091,APP-208347,2024-08-05,Active,,3.0
HIRE-3092,APP-208497,2024-08-26,Active,,2.0
HIRE-3093,APP-208555,2024-07-07,Active,,4.0
HIRE-3094,APP-208564,2024-08-07,Left,2024-12-08,
HIRE-3095,APP-208709,2024-07-11,Active,,3.0
HIRE-3096,APP-208876,2024-07-29,Active,,4.0
HIRE-3097,APP-209035,2024-07-26,Active,,4.0
HIRE-3098,APP-209076,2024-08-05,Left,2024-09-29,
HIRE-3099,APP-209224,2024-07-29,Left,2025-01-17,
HIRE-3100,APP-209351,2024-07-29,Left,2025-01-11,
HIRE-3101,APP-209353,2024-08-10,Active,,4.0
HIRE-3102,APP-209394,2024-07-30,Active,,3.0
HIRE-3103,APP-209406,2024-07-27,Left,2025-07-05,1.0
HIRE-3104,APP-209524,2024-08-01,Left,2025-05-09,3.0
HIRE-3105,APP-209547,2024-08-02,Active,,4.0
HIRE-3106,APP-209689,2024-09-14,Left,2025-07-25,3.0
HIRE-3107,APP-209791,2024-08-03,Left,2025-04-26,3.0
HIRE-3108,APP-209859,2024-08-23,Active,,3.0
HIRE-3109,APP-210068,2024-08-13,Active,,4.0
HIRE-3110,APP-210076,2024-09-01,Active,,3.0
HIRE-3111,APP-210127,2024-09-09,Active,,5.0
HIRE-3112,APP-210160,2024-07-29,Left,2025-07-08,3.0
HIRE-3113,APP-210277,2024-08-25,Active,,3.0
HIRE-3114,APP-210357,2024-09-02,Active,,4.0
HIRE-3115,APP-210471,2024-08-09,Active,,4.0
HIRE-3116,APP-210536,2024-09-09,Active,,3.0
HIRE-3117,APP-210594,2024-07-25,Active,,3.0
HIRE-3118,APP-210627,2024-08-31,Active,,3.0
HIRE-3119,APP-210688,2024-08-26,Active,,5.0
HIRE-3120,APP-210845,2024-09-14,Active,,2.0
HIRE-3121,APP-210965,2024-08-07,Active,,3.0
HIRE-3122,APP-211036,2024-08-31,Active,,3.0
HIRE-3123,APP-211186,2024-11-01,Active,,4.0
HIRE-3124,APP-211242,2024-09-06,Active,,4.0
HIRE-3125,APP-211414,2024-09-14,Active,,2.0
HIRE-3126,APP-211421,2024-09-28,Active,,5.0
HIRE-3127,APP-211469,2024-09-14,Active,,4.0
HIRE-3128,APP-211587,2024-09-23,Active,,5.0
HIRE-3129,APP-211771,2024-09-25,Active,,3.0
HIRE-3130,APP-211827,2024-10-02,Active,,4.0
HIRE-3131,APP-211851,2024-09-12,Active,,3.0
HIRE-3132,APP-211942,2024-09-15,Active,,3.0
HIRE-3133,APP-211986,2024-10-09,Active,,2.0
HIRE-3134,APP-212246,2024-09-24,Active,,4.0
HIRE-3135,APP-212339,2024-09-21,Active,,2.0
HIRE-3136,APP-212627,2024-10-05,Active,,4.0
HIRE-3137,APP-212670,2024-11-08,Active,,4.0
HIRE-3138,APP-212773,2024-10-24,Active,,4.0
HIRE-3139,APP-212854,2024-09-25,Left,2025-09-05,3.0
HIRE-3140,APP-212939,2024-10-28,Active,,3.0
HIRE-3141,APP-213058,2024-10-01,Active,,5.0
HIRE-3142,APP-213202,2024-10-02,Left,2025-01-29,
HIRE-3143,APP-213266,2024-09-30,Active,,3.0
HIRE-3144,APP-213358,2024-10-11,Active,,4.0
HIRE-3145,APP-213388,2024-10-03,Active,,4.0
HIRE-3146,APP-213435,2024-10-10,Active,,3.0
HIRE-3147,APP-213571,2024-10-02,Active,,3.0
HIRE-3148,APP-213740,2024-10-31,Active,,3.0
HIRE-3149,APP-213767,2024-12-02,Left,2025-02-10,
HIRE-3150,APP-213854,2024-10-26,Active,,3.0
HIRE-3151,APP-213913,2024-10-24,Left,2025-12-01,2.0
HIRE-3152,APP-213951,2024-10-21,Active,,3.0
HIRE-3153,APP-213971,2024-10-17,Active,,4.0
HIRE-3154,APP-214050,2024-11-22,Active,,3.0
HIRE-3155,APP-214115,2024-10-18,Active,,5.0
HIRE-3156,APP-214234,2024-11-30,Active,,5.0
HIRE-3157,APP-214314,2024-10-19,Active,,4.0
HIRE-3158,APP-214377,2024-10-26,Active,,3.0
HIRE-3159,APP-214491,2024-10-23,Active,,2.0
HIRE-3160,APP-214543,2024-11-10,Active,,3.0
HIRE-3161,APP-214544,2024-10-30,Left,2024-10-30,
HIRE-3162,APP-214709,2024-11-16,Left,2025-11-30,3.0
HIRE-3163,APP-214777,2024-12-16,Left,2025-02-28,
HIRE-3164,APP-214860,2024-10-30,Active,,3.0
HIRE-3165,APP-214980,2024-11-13,Left,2025-01-24,
HIRE-3166,APP-215105,2024-11-12,Left,2025-10-27,2.0
HIRE-3167,APP-215223,2024-11-08,Active,,3.0
HIRE-3168,APP-215273,2024-12-25,Active,,5.0
HIRE-3169,APP-215388,2024-11-14,Left,2025-04-10,
HIRE-3170,APP-215444,2024-11-13,Left,2025-01-04,
HIRE-3171,APP-215546,2025-01-12,Active,,4.0
HIRE-3172,APP-215583,2024-11-27,Active,,4.0
HIRE-3173,APP-215625,2024-11-28,Active,,3.0
HIRE-3174,APP-215711,2024-12-09,Left,2025-02-14,
HIRE-3175,APP-215745,2024-11-13,Active,,3.0
HIRE-3176,APP-215749,2024-12-14,Left,2025-05-16,
HIRE-3177,APP-215800,2025-01-19,Active,,3.0
HIRE-3178,APP-215840,2024-11-24,Active,,4.0
HIRE-3179,APP-215978,2024-11-23,Active,,3.0
HIRE-3180,APP-216233,2025-01-20,Active,,4.0
HIRE-3181,APP-216287,2024-11-23,Left,2024-12-09,
HIRE-3182,APP-216434,2024-12-07,Active,,5.0
HIRE-3183,APP-216449,2024-12-03,Left,2025-01-03,
HIRE-3184,APP-216551,2024-12-26,Active,,3.0
HIRE-3185,APP-216721,2024-12-23,Active,,4.0
HIRE-3186,APP-216767,2025-02-07,Left,2025-09-10,3.0
HIRE-3187,APP-216806,2024-11-29,Left,2025-05-08,
HIRE-3188,APP-216910,2025-01-07,Active,,5.0
HIRE-3189,APP-217025,2024-12-31,Active,,2.0
HIRE-3190,APP-217186,2024-12-20,Active,,3.0
HIRE-3191,APP-217301,2024-12-21,Left,2025-10-23,4.0
HIRE-3192,APP-217375,2024-12-11,Active,,3.0
HIRE-3193,APP-217578,2025-01-07,Active,,2.0
HIRE-3194,APP-217742,2024-12-26,Left,2025-11-27,3.0
HIRE-3195,APP-217821,2025-02-01,Active,,4.0
HIRE-3196,APP-218172,2025-01-18,Active,,4.0
HIRE-3197,APP-218243,2025-01-28,Left,2025-03-03,
HIRE-3198,APP-218305,2025-02-14,Active,,4.0
HIRE-3199,APP-218358,2025-01-19,Left,2025-07-21,3.0
HIRE-3200,APP-218363,2025-01-31,Active,,3.0
HIRE-3201,APP-218579,2025-02-08,Active,,2.0
HIRE-3202,APP-218608,2025-02-10,Active,,2.0
HIRE-3203,APP-218689,2025-02-01,Active,,2.0
HIRE-3204,APP-218737,2025-02-16,Left,2025-06-16,
HIRE-3205,APP-218905,2025-05-09,Left,2025-10-05,
HIRE-3206,APP-219065,2025-02-21,Active,,3.0
HIRE-3207,APP-219149,2025-02-10,Active,,2.0
HIRE-3208,APP-219321,2025-03-22,Active,,3.0
HIRE-3209,APP-219364,2025-03-16,Active,,4.0
HIRE-3210,APP-219554,2025-04-19,Left,2025-09-20,
HIRE-3211,APP-219661,2025-03-30,Active,,5.0
HIRE-3212,APP-219793,2025-03-06,Active,,3.0
HIRE-3213,APP-220013,2025-03-28,Active,,2.0
HIRE-3214,APP-220058,2025-02-22,Active,,3.0
HIRE-3215,APP-220168,2025-03-09,Active,,4.0
HIRE-3216,APP-220331,2025-03-14,Active,,2.0
HIRE-3217,APP-220411,2025-03-13,Active,,2.0
HIRE-3218,APP-220468,2025-03-01,Left,2025-06-30,
HIRE-3219,APP-220502,2025-03-20,Active,,4.0
HIRE-3220,APP-220590,2025-05-05,Active,,3.0
HIRE-3221,APP-220644,2025-03-20,Active,,4.0
HIRE-3222,APP-220781,2025-03-25,Active,,5.0
HIRE-3223,APP-220960,2025-04-08,Active,,3.0
HIRE-3224,APP-221065,2025-03-31,Active,,2.0
HIRE-3225,APP-221252,2025-03-21,Active,,2.0
HIRE-3226,APP-221295,2025-05-02,Active,,2.0
HIRE-3227,APP-221348,2025-04-07,Active,,3.0
HIRE-3228,APP-221431,2025-04-25,Active,,3.0
HIRE-3229,APP-221675,2025-03-24,Active,,4.0
HIRE-3230,APP-221731,2025-04-26,Active,,3.0
HIRE-3231,APP-221798,2025-04-10,Active,,4.0
HIRE-3232,APP-221872,2025-04-13,Active,,2.0
HIRE-3233,APP-221960,2025-05-20,Active,,2.0
HIRE-3234,APP-222057,2025-05-28,Active,,3.0
HIRE-3235,APP-222073,2025-05-11,Active,,3.0
HIRE-3236,APP-222121,2025-03-30,Active,,3.0
HIRE-3237,APP-222192,2025-04-21,Active,,3.0
HIRE-3238,APP-222210,2025-04-17,Left,2025-08-09,
HIRE-3239,APP-222271,2025-04-23,Active,,5.0
HIRE-3240,APP-222305,2025-05-07,Active,,4.0
HIRE-3241,APP-222553,2025-05-14,Active,,3.0
HIRE-3242,APP-222622,2025-05-08,Active,,3.0
HIRE-3243,APP-222733,2025-05-04,Active,,3.0
HIRE-3244,APP-222807,2025-04-20,Active,,3.0
HIRE-3245,APP-222872,2025-06-07,Active,,2.0
HIRE-3246,APP-222883,2025-05-12,Active,,5.0
HIRE-3247,APP-222889,2025-05-12,Active,,2.0
HIRE-3248,APP-222955,2025-05-21,Left,2025-09-25,
HIRE-3249,APP-222997,2025-07-06,Active,,
HIRE-3250,APP-223048,2025-05-14,Left,2025-07-24,
HIRE-3251,APP-223142,2025-06-12,Active,,4.0
HIRE-3252,APP-223198,2025-05-02,Active,,4.0
HIRE-3253,APP-223449,2025-08-03,Active,,
HIRE-3254,APP-223482,2025-05-22,Active,,3.0
HIRE-3255,APP-223580,2025-05-11,Active,,2.0
HIRE-3256,APP-223710,2025-05-10,Active,,3.0
HIRE-3257,APP-223829,2025-06-10,Active,,3.0
HIRE-3258,APP-223860,2025-05-22,Active,,3.0
HIRE-3259,APP-223963,2025-05-21,Left,2025-09-22,
HIRE-3260,APP-224081,2025-06-03,Active,,4.0
HIRE-3261,APP-224122,2025-05-26,Active,,3.0
HIRE-3262,APP-224193,2025-05-20,Active,,3.0
HIRE-3263,APP-224270,2025-05-19,Left,2025-06-23,
HIRE-3264,APP-224401,2025-07-13,Active,,
HIRE-3265,APP-224499,2025-06-29,Active,,3.0
HIRE-3266,APP-224529,2025-05-23,Active,,4.0
HIRE-3267,APP-224609,2025-06-11,Active,,2.0
HIRE-3268,APP-224724,2025-06-10,Active,,4.0
HIRE-3269,APP-224979,2025-06-26,Active,,3.0
HIRE-3270,APP-225132,2025-06-29,Active,,3.0
HIRE-3271,APP-225338,2025-05-30,Active,,4.0
HIRE-3272,APP-225435,2025-06-21,Active,,3.0
HIRE-3273,APP-225518,2025-06-28,Active,,2.0
HIRE-3274,APP-225577,2025-07-12,Active,,
HIRE-3275,APP-225579,2025-07-27,Active,,
HIRE-3276,APP-225596,2025-07-08,Active,,
HIRE-3277,APP-225661,2025-06-29,Active,,2.0
HIRE-3278,APP-225687,2025-07-10,Active,,
HIRE-3279,APP-225756,2025-07-31,Active,,
HIRE-3280,APP-225864,2025-06-29,Active,,4.0
HIRE-3281,APP-225964,2025-07-02,Active,,
HIRE-3282,APP-226240,2025-08-04,Active,,
HIRE-3283,APP-226303,2025-08-04,Active,,
HIRE-3284,APP-226320,2025-07-20,Active,,
HIRE-3285,APP-226325,2025-07-21,Active,,
HIRE-3286,APP-226386,2025-07-12,Active,,
HIRE-3287,APP-226635,2025-07-14,Active,,
HIRE-3288,APP-226721,2025-07-29,Active,,
HIRE-3289,APP-226810,2025-07-18,Active,,
HIRE-3290,APP-227015,2025-08-08,Left,2025-08-21,
HIRE-3291,APP-227166,2025-07-25,Active,,
HIRE-3292,APP-227254,2025-07-23,Active,,
HIRE-3293,APP-227352,2025-08-17,Left,2025-11-03,
HIRE-3294,APP-227452,2025-08-26,Left,2025-12-06,
HIRE-3295,APP-227513,2025-07-31,Active,,
HIRE-3296,APP-227613,2025-09-14,Left,2025-12-21,
HIRE-3297,APP-227615,2025-09-08,Active,,
HIRE-3298,APP-227626,2025-09-01,Active,,
HIRE-3299,APP-227743,2025-08-18,Active,,
HIRE-3300,APP-227755,2025-07-24,Active,,
HIRE-3301,APP-227839,2025-07-31,Active,,
HIRE-3302,APP-227846,2025-07-25,Active,,
HIRE-3303,APP-227946,2025-08-10,Active,,
HIRE-3304,APP-228164,2025-08-20,Active,,
HIRE-3305,APP-228236,2025-08-23,Active,,
HIRE-3306,APP-228347,2025-09-15,Active,,
HIRE-3307,APP-228441,2025-09-10,Active,,
HIRE-3308,APP-228492,2025-08-09,Active,,
HIRE-3309,APP-228634,2025-09-17,Active,,
HIRE-3310,APP-228760,2025-10-14,Active,,
HIRE-3311,APP-228776,2025-08-14,Active,,
HIRE-3312,APP-228912,2025-09-03,Active,,
HIRE-3313,APP-228979,2025-09-11,Active,,
HIRE-3314,APP-229058,2025-09-26,Left,2025-10-10,
HIRE-3315,APP-229206,2025-09-09,Active,,
HIRE-3316,APP-229272,2025-09-14,Active,,
HIRE-3317,APP-229310,2025-09-25,Active,,
HIRE-3318,APP-229360,2025-09-18,Active,,
HIRE-3319,APP-229444,2025-10-12,Active,,
HIRE-3320,APP-229506,2025-09-29,Active,,
HIRE-3321,APP-229587,2025-09-24,Active,,
HIRE-3322,APP-229634,2025-09-21,Active,,
HIRE-3323,APP-229698,2025-09-17,Active,,
HIRE-3324,APP-229723,2025-09-27,Left,2025-09-27,
HIRE-3325,APP-229763,2025-09-27,Active,,
HIRE-3326,APP-229781,2025-10-01,Active,,
HIRE-3327,APP-229994,2025-10-27,Active,,
HIRE-3328,APP-230106,2025-12-03,Active,,
HIRE-3329,APP-230190,2025-10-31,Active,,
HIRE-3330,APP-230304,2025-10-28,Active,,
HIRE-3331,APP-230660,2025-11-05,Active,,
HIRE-3332,APP-230776,2025-10-26,Active,,
HIRE-3333,APP-230865,2025-12-28,Active,,
HIRE-3334,APP-230903,2025-11-13,Active,,
HIRE-3335,APP-231017,2025-11-04,Active,,
HIRE-3336,APP-231058,2025-11-10,Active,,
HIRE-3337,APP-231122,2025-10-29,Active,,
HIRE-3338,APP-231197,2025-12-22,Active,,
HIRE-3339,APP-231372,2025-10-29,Active,,
HIRE-3340,APP-231402,2025-11-30,Active,,
HIRE-3341,APP-231644,2025-11-23,Active,,
HIRE-3342,APP-231690,2025-11-05,Active,,
HIRE-3343,APP-231853,2025-11-05,Active,,
HIRE-3344,APP-232010,2025-11-24,Active,,
HIRE-3345,APP-232094,2025-12-26,Active,,
HIRE-3346,APP-232133,2025-10-24,Active,,
HIRE-3347,APP-232206,2025-11-30,Left,2025-12-08,
HIRE-3348,APP-232459,2025-12-27,Active,,
HIRE-3349,APP-232514,2025-12-08,Active,,
HIRE-3350,APP-232557,2025-11-21,Active,,
HIRE-3351,APP-232682,2025-11-22,Active,,
HIRE-3352,APP-232747,2025-12-04,Active,,
HIRE-3353,APP-232751,2025-11-29,Active,,
HIRE-3354,APP-232814,2025-11-08,Active,,
HIRE-3355,APP-233019,2025-12-17,Active,,
HIRE-3356,APP-233087,2025-11-29,Active,,
HIRE-3357,APP-233211,2025-11-27,Active,,
HIRE-3358,APP-233283,2025-12-01,Active,,
HIRE-3359,APP-233332,2025-12-09,Active,,
HIRE-3360,APP-233377,2025-12-07,Active,,
HIRE-3361,APP-233433,2025-12-06,Active,,
HIRE-3362,APP-233527,2025-12-24,Active,,
HIRE-3363,APP-233683,2026-01-04,Active,,
HIRE-3364,APP-233693,2025-11-27,Active,,
HIRE-3365,APP-233727,2025-12-27,Active,,
HIRE-3366,APP-233760,2025-12-11,Active,,
HIRE-3367,APP-233831,2025-12-17,Active,,
HIRE-3368,APP-234049,2026-01-01,Active,,
HIRE-3369,APP-234158,2025-12-24,Active,,
HIRE-3370,APP-234239,2025-12-28,Active,,
HIRE-3371,APP-234320,2025-12-26,Active,,
HIRE-3372,APP-234438,2026-01-09,Active,,
HIRE-3373,APP-234561,2026-01-04,Active,,
HIRE-3374,APP-234621,2026-01-15,Active,,
HIRE-3375,APP-234638,2026-01-25,Active,,
HIRE-3376,APP-234810,2026-01-05,Active,,
HIRE-3377,APP-234983,2025-12-23,Active,,
HIRE-3378,APP-235064,2025-12-29,Active,,
HIRE-3379,APP-235196,2026-01-11,Active,,
HIRE-3380,APP-235293,2026-01-21,Active,,
HIRE-3381,APP-235430,2026-01-13,Active,,
HIRE-3382,APP-235603,2026-01-19,Active,,
