offer_id,application_id,offer_date,offered_salary,response_date,offer_status,decline_reason
OFR-5002,APP-200024,2024-02-12,126000,2024-02-18,Accepted,
OFR-5003,APP-200085,2024-02-12,63000,2024-02-14,Accepted,
OFR-5004,APP-200160,2024-02-12,142000,2024-02-19,Declined,Role/fit concerns
OFR-5005,APP-200167,2024-02-28,152000,2024-03-01,Accepted,
OFR-5006,APP-200181,2024-01-26,56000,2024-01-30,Accepted,
OFR-5007,APP-200284,2024-02-13,80000,2024-02-19,Accepted,
OFR-5008,APP-200296,2024-02-06,80000,2024-02-08,Accepted,
OFR-5009,APP-200337,2024-02-13,85000,2024-02-19,Declined,Accepted another offer
OFR-5010,APP-200414,2024-02-18,81000,2024-02-24,Accepted,
OFR-5011,APP-200471,2024-02-22,136000,2024-02-25,Accepted,
OFR-5012,APP-200472,2024-02-19,125000,2024-02-20,Declined,Compensation below expectations
OFR-5013,APP-200649,2024-02-28,174000,2024-02-29,Accepted,
OFR-5014,APP-200766,2024-02-29,132000,2024-03-03,Declined,Compensation below expectations
OFR-5015,APP-200867,2024-02-06,121000,2024-02-07,Accepted,
OFR-5016,APP-200957,2024-02-15,62000,2024-02-16,Accepted,
OFR-5017,APP-201055,2024-03-23,148000,2024-03-27,Declined,Accepted another offer
OFR-5018,APP-201188,2024-05-08,95000,2024-05-10,Declined,Accepted another offer
OFR-5019,APP-201218,2024-02-27,71000,2024-03-02,Accepted,
OFR-5020,APP-201360,2024-02-13,142000,2024-02-14,Accepted,
OFR-5021,APP-201565,2024-03-18,126000,2024-03-21,Accepted,
OFR-5022,APP-201616,2024-02-27,82000,2024-03-01,Declined,Role/fit concerns
OFR-5023,APP-201662,2024-04-06,82000,2024-04-18,Accepted,
OFR-5024,APP-201679,2024-03-10,86000,2024-03-13,Declined,Compensation below expectations
OFR-5025,APP-201736,2024-03-19,183000,2024-03-22,Accepted,
OFR-5026,APP-201779,2024-03-02,67000,2024-03-06,Accepted,
OFR-5027,APP-201900,2024-03-11,58000,2024-03-14,Declined,Compensation below expectations
OFR-5028,APP-201903,2024-02-28,64000,2024-03-02,Declined,Counter-offer from current employer
OFR-5029,APP-201923,2024-03-11,67000,2024-03-18,Declined,Role/fit concerns
OFR-5030,APP-202016,2024-04-01,100000,2024-04-03,Accepted,
OFR-5031,APP-202019,2024-03-25,94000,2024-03-28,Accepted,
OFR-5032,APP-202062,2024-03-06,58000,2024-03-08,Accepted,
OFR-5033,APP-202218,2024-03-19,38000,2024-03-21,Accepted,
OFR-5034,APP-202222,2024-03-06,36000,2024-03-09,Accepted,
OFR-5035,APP-202286,2024-03-14,37000,2024-03-18,Accepted,
OFR-5036,APP-202364,2024-03-13,116000,2024-03-16,Accepted,
OFR-5037,APP-202439,2024-03-06,99000,2024-03-10,Accepted,
OFR-5038,APP-202543,2024-03-15,133000,2024-03-16,Accepted,
OFR-5039,APP-202630,2024-03-16,78000,2024-03-18,Accepted,
OFR-5040,APP-202662,2024-03-26,70000,2024-03-28,Accepted,
OFR-5041,APP-202700,2024-03-17,75000,2024-03-21,Accepted,
OFR-5042,APP-202702,2024-03-09,75000,2024-03-12,Accepted,
OFR-5043,APP-202791,2024-03-17,74000,2024-03-24,Accepted,
OFR-5044,APP-202911,2024-04-01,101000,2024-04-04,Declined,Accepted another offer
OFR-5045,APP-202917,2024-03-30,110000,2024-04-05,Accepted,
OFR-5046,APP-202957,2024-03-26,66000,2024-03-28,Declined,Counter-offer from current employer
OFR-5047,APP-202970,2024-03-27,72000,2024-03-29,Accepted,
OFR-5048,APP-202984,2024-03-19,68000,2024-03-21,Accepted,
OFR-5049,APP-203146,2024-03-20,141000,2024-03-21,Accepted,
OFR-5050,APP-203266,2024-05-27,172000,2024-05-30,Accepted,
OFR-5051,APP-203286,2024-03-18,84000,2024-03-22,Accepted,
OFR-5052,APP-203409,2024-03-25,114000,2024-03-28,Accepted,
OFR-5053,APP-203472,2024-04-02,189000,2024-04-05,Accepted,
OFR-5054,APP-203525,2024-05-14,197000,2024-05-26,Declined,Counter-offer from current employer
OFR-5055,APP-203628,2024-03-31,129000,2024-04-04,Accepted,
OFR-5056,APP-203630,2024-04-11,130000,2024-04-18,Accepted,
OFR-5057,APP-203638,2024-04-03,137000,2024-04-05,Accepted,
OFR-5058,APP-203685,2024-03-28,88000,2024-03-30,Declined,Accepted another offer
OFR-5059,APP-203777,2024-05-01,80000,2024-05-05,Accepted,
OFR-5060,APP-203850,2024-04-01,170000,2024-04-03,Accepted,
OFR-5061,APP-203923,2024-04-19,119000,2024-04-22,Accepted,
OFR-5062,APP-203945,2024-04-11,70000,2024-04-16,Accepted,
OFR-5063,APP-204098,2024-04-20,62000,2024-04-21,Accepted,
OFR-5064,APP-204293,2024-04-21,145000,2024-04-23,Accepted,
OFR-5065,APP-204418,2024-05-17,120000,2024-05-22,Declined,Compensation below expectations
OFR-5066,APP-204423,2024-05-09,129000,2024-05-12,Accepted,
OFR-5067,APP-204495,2024-04-16,80000,2024-04-19,Accepted,
OFR-5068,APP-204588,2024-06-27,163000,2024-06-30,Accepted,
OFR-5069,APP-204617,2024-05-21,127000,2024-05-27,Declined,Compensation below expectations
OFR-5070,APP-204721,2024-04-26,58000,2024-04-28,Declined,Compensation below expectations
OFR-5071,APP-204745,2024-05-23,61000,2024-05-30,Accepted,
OFR-5072,APP-204749,2024-05-07,59000,2024-05-13,Declined,Compensation below expectations
OFR-5073,APP-204798,2024-05-25,62000,2024-05-27,Accepted,
OFR-5074,APP-204869,2024-05-31,136000,2024-06-04,Declined,Compensation below expectations
OFR-5075,APP-204927,2024-04-26,85000,2024-04-30,Accepted,
OFR-5076,APP-204960,2024-05-10,125000,2024-05-12,Declined,Location or work-mode preference
OFR-5077,APP-205041,2024-04-28,77000,2024-04-30,Accepted,
OFR-5078,APP-205159,2024-04-19,40000,2024-04-22,Accepted,
OFR-5079,APP-205195,2024-04-26,38000,2024-04-26,Accepted,
OFR-5080,APP-205254,2024-05-06,70000,2024-05-09,Accepted,
OFR-5081,APP-205380,2024-05-01,39000,2024-05-05,Declined,Compensation below expectations
OFR-5082,APP-205381,2024-05-11,41000,2024-05-13,Accepted,
OFR-5083,APP-205465,2024-05-17,198000,2024-05-23,Declined,Compensation below expectations
OFR-5084,APP-205548,2024-05-15,53000,2024-05-19,Declined,Compensation below expectations
OFR-5085,APP-205632,2024-05-06,175000,2024-05-11,Accepted,
OFR-5086,APP-205774,2024-06-08,131000,2024-06-13,Accepted,
OFR-5087,APP-205898,2024-05-14,63000,2024-05-18,Accepted,
OFR-5088,APP-205925,2024-05-06,59000,2024-05-07,Declined,Compensation below expectations
OFR-5089,APP-205944,2024-05-16,61000,2024-05-18,Declined,Compensation below expectations
OFR-5090,APP-206012,2024-06-24,149000,2024-06-26,Accepted,
OFR-5091,APP-206082,2024-05-30,113000,2024-06-04,Accepted,
OFR-5092,APP-206126,2024-05-08,96000,2024-05-12,Accepted,
OFR-5093,APP-206302,2024-05-21,56000,2024-05-23,Accepted,
OFR-5094,APP-206304,2024-05-21,55000,2024-05-25,Accepted,
OFR-5095,APP-206439,2024-05-27,49000,2024-05-31,Accepted,
OFR-5096,APP-206462,2024-05-18,59000,2024-05-19,Accepted,
OFR-5097,APP-206563,2024-05-24,121000,2024-05-26,Accepted,
OFR-5098,APP-206645,2024-06-06,85000,2024-06-12,Accepted,
OFR-5099,APP-206749,2024-06-19,131000,2024-06-23,Declined,Compensation below expectations
OFR-5100,APP-206757,2024-06-17,131000,2024-06-23,Declined,Accepted another offer
OFR-5101,APP-206774,2024-06-22,140000,2024-06-27,Accepted,
OFR-5102,APP-206858,2024-06-23,142000,2024-06-26,Accepted,
OFR-5103,APP-206923,2024-06-02,105000,2024-06-05,Accepted,
OFR-5104,APP-207089,2024-06-06,123000,2024-06-10,Accepted,
OFR-5105,APP-207304,2024-06-16,135000,2024-06-21,Accepted,
OFR-5106,APP-207387,2024-05-31,92000,2024-06-01,Accepted,
OFR-5107,APP-207498,2024-07-13,164000,2024-07-14,Accepted,
OFR-5108,APP-207610,2024-07-01,73000,2024-07-09,Accepted,
OFR-5109,APP-207627,2024-06-19,77000,2024-06-24,Accepted,
OFR-5110,APP-207630,2024-06-05,82000,2024-06-08,Declined,Compensation below expectations
OFR-5111,APP-207652,2024-06-08,78000,2024-06-11,Declined,Location or work-mode preference
OFR-5112,APP-207741,2024-06-03,39000,2024-06-05,Accepted,
OFR-5113,APP-207846,2024-06-30,153000,2024-07-09,Declined,Accepted another offer
OFR-5114,APP-207853,2024-07-05,143000,2024-07-17,Declined,Compensation below expectations
OFR-5115,APP-207881,2024-07-13,152000,2024-07-20,Accepted,
OFR-5116,APP-207906,2024-06-25,119000,2024-06-30,Accepted,
OFR-5117,APP-207956,2024-07-11,124000,2024-07-16,Accepted,
OFR-5118,APP-208040,2024-06-24,55000,2024-06-30,Accepted,
OFR-5119,APP-208074,2024-06-19,48000,2024-06-21,Accepted,
OFR-5120,APP-208100,2024-06-26,51000,2024-06-30,Accepted,
OFR-5121,APP-208128,2024-06-24,48000,2024-06-26,Declined,Compensation below expectations
OFR-5122,APP-208182,2024-06-11,69000,2024-06-13,Declined,Compensation below expectations
OFR-5123,APP-208188,2024-06-03,65000,2024-06-07,Declined,Accepted another offer
OFR-5124,APP-208192,2024-06-09,57000,2024-06-12,Declined,Compensation below expectations
OFR-5125,APP-208201,2024-06-24,60000,2024-07-02,Accepted,
OFR-5126,APP-208219,2024-07-16,61000,2024-07-19,Accepted,
OFR-5127,APP-208231,2024-07-04,58000,2024-07-08,Declined,Counter-offer from current employer
OFR-5128,APP-208301,2024-06-15,93000,2024-06-20,Accepted,
OFR-5129,APP-208306,2024-06-15,83000,2024-06-18,Declined,Counter-offer from current employer
OFR-5130,APP-208347,2024-07-02,73000,2024-07-04,Accepted,
OFR-5131,APP-208446,2024-06-21,100000,2024-06-24,Declined,Compensation below expectations
OFR-5132,APP-208497,2024-07-28,108000,2024-08-01,Accepted,
OFR-5133,APP-208555,2024-06-19,88000,2024-06-21,Accepted,
OFR-5134,APP-208564,2024-07-07,87000,2024-07-13,Accepted,
OFR-5135,APP-208709,2024-06-23,97000,2024-06-25,Accepted,
OFR-5136,APP-208876,2024-07-02,130000,2024-07-06,Accepted,
OFR-5137,APP-208878,2024-07-12,133000,2024-07-18,Declined,Accepted another offer
OFR-5138,APP-209035,2024-06-29,81000,2024-07-04,Accepted,
OFR-5139,APP-209076,2024-06-29,69000,2024-07-05,Accepted,
OFR-5140,APP-209224,2024-07-07,75000,2024-07-09,Accepted,
OFR-5141,APP-209226,2024-07-16,79000,2024-07-18,Declined,Accepted another offer
OFR-5142,APP-209230,2024-08-10,69000,2024-08-14,Declined,Compensation below expectations
OFR-5143,APP-209236,2024-06-27,60000,2024-07-04,Declined,Compensation below expectations
OFR-5144,APP-209240,2024-07-01,63000,2024-07-05,Declined,Compensation below expectations
OFR-5145,APP-209316,2024-08-16,67000,2024-08-19,Declined,Accepted another offer
OFR-5146,APP-209351,2024-07-02,84000,2024-07-07,Accepted,
OFR-5147,APP-209353,2024-07-07,76000,2024-07-09,Accepted,
OFR-5148,APP-209394,2024-06-27,105000,2024-07-01,Accepted,
OFR-5149,APP-209406,2024-07-03,102000,2024-07-04,Accepted,
OFR-5150,APP-209524,2024-07-05,59000,2024-07-09,Accepted,
OFR-5151,APP-209547,2024-07-10,58000,2024-07-11,Accepted,
OFR-5152,APP-209655,2024-07-27,71000,2024-08-03,Declined,Counter-offer from current employer
OFR-5153,APP-209667,2024-07-28,80000,2024-08-01,Declined,Accepted another offer
OFR-5154,APP-209689,2024-08-07,80000,2024-08-11,Accepted,
OFR-5155,APP-209705,2024-07-09,134000,2024-07-12,Declined,Compensation below expectations
OFR-5156,APP-209733,2024-07-06,69000,2024-07-14,Declined,Accepted another offer
OFR-5157,APP-209770,2024-07-22,68000,2024-07-25,Declined,Accepted another offer
OFR-5158,APP-209772,2024-07-17,61000,2024-07-21,Declined,Counter-offer from current employer
OFR-5159,APP-209791,2024-07-16,68000,2024-07-18,Accepted,
OFR-5160,APP-209859,2024-07-19,107000,2024-07-22,Accepted,
OFR-5161,APP-210068,2024-07-18,125000,2024-07-21,Accepted,
OFR-5162,APP-210076,2024-08-05,135000,2024-08-07,Accepted,
OFR-5163,APP-210127,2024-08-07,130000,2024-08-10,Accepted,
OFR-5164,APP-210160,2024-06-30,123000,2024-07-02,Accepted,
OFR-5165,APP-210277,2024-07-19,63000,2024-07-23,Accepted,
OFR-5166,APP-210357,2024-08-05,211000,2024-08-10,Accepted,
OFR-5167,APP-210389,2024-07-20,111000,2024-07-28,Declined,Compensation below expectations
OFR-5168,APP-210412,2024-08-10,108000,2024-08-14,Declined,Accepted another offer
OFR-5169,APP-210464,2024-08-01,123000,2024-08-04,Declined,Location or work-mode preference
OFR-5170,APP-210471,2024-07-17,119000,2024-07-21,Accepted,
OFR-5171,APP-210536,2024-08-04,142000,2024-08-05,Accepted,
OFR-5172,APP-210594,2024-07-10,57000,2024-07-11,Accepted,
OFR-5173,APP-210624,2024-07-22,58000,2024-07-28,Declined,Counter-offer from current employer
OFR-5174,APP-210627,2024-07-28,58000,2024-07-31,Accepted,
OFR-5175,APP-210688,2024-08-07,113000,2024-08-09,Accepted,
OFR-5176,APP-210793,2024-07-29,86000,2024-08-04,Declined,Compensation below expectations
OFR-5177,APP-210845,2024-08-16,165000,2024-08-20,Accepted,
OFR-5178,APP-210914,2024-08-16,128000,2024-08-21,Declined,Accepted another offer
OFR-5179,APP-210923,2024-08-14,104000,2024-08-21,Declined,Compensation below expectations
OFR-5180,APP-210965,2024-07-19,76000,2024-07-20,Accepted,
OFR-5181,APP-211036,2024-07-23,116000,2024-07-27,Accepted,
OFR-5182,APP-211186,2024-09-29,141000,2024-10-07,Accepted,
OFR-5183,APP-211213,2024-09-17,212000,2024-09-22,Declined,Compensation below expectations
OFR-5184,APP-211242,2024-08-02,194000,2024-08-05,Accepted,
OFR-5185,APP-211355,2024-08-11,55000,2024-08-13,Declined,Counter-offer from current employer
OFR-5186,APP-211411,2024-08-14,51000,2024-08-16,Declined,Compensation below expectations
OFR-5187,APP-211414,2024-08-21,51000,2024-08-27,Accepted,
OFR-5188,APP-211421,2024-08-22,59000,2024-08-29,Accepted,
OFR-5189,APP-211465,2024-08-12,97000,2024-08-14,Declined,Compensation below expectations
OFR-5190,APP-211469,2024-08-20,97000,2024-08-26,Accepted,
OFR-5191,APP-211574,2024-08-18,94000,2024-08-22,Declined,Compensation below expectations
OFR-5192,APP-211587,2024-08-22,101000,2024-08-25,Accepted,
OFR-5193,APP-211666,2024-07-28,96000,2024-07-30,Declined,Compensation below expectations
OFR-5194,APP-211729,2024-08-17,109000,2024-08-20,Declined,Accepted another offer
OFR-5195,APP-211771,2024-09-06,103000,2024-09-08,Accepted,
OFR-5196,APP-211827,2024-09-08,190000,2024-09-09,Accepted,
OFR-5197,APP-211851,2024-08-10,92000,2024-08-16,Accepted,
OFR-5198,APP-211891,2024-07-28,73000,2024-08-01,Declined,Counter-offer from current employer
OFR-5199,APP-211935,2024-08-15,88000,2024-08-17,Declined,Location or work-mode preference
OFR-5200,APP-211942,2024-08-24,82000,2024-08-30,Accepted,
OFR-5201,APP-211986,2024-08-28,221000,2024-09-06,Accepted,
OFR-5202,APP-212137,2024-08-22,60000,2024-08-25,Declined,Compensation below expectations
OFR-5203,APP-212145,2024-09-27,67000,2024-10-01,Declined,Role/fit concerns
OFR-5204,APP-212173,2024-09-14,69000,2024-09-17,Declined,Compensation below expectations
OFR-5205,APP-212185,2024-09-08,60000,2024-09-10,Declined,Compensation below expectations
OFR-5206,APP-212246,2024-08-15,86000,2024-08-23,Accepted,
OFR-5207,APP-212339,2024-08-25,71000,2024-08-29,Accepted,
OFR-5208,APP-212366,2024-08-24,67000,2024-08-28,Declined,Compensation below expectations
OFR-5209,APP-212459,2024-09-06,168000,2024-09-08,Declined,Location or work-mode preference
OFR-5210,APP-212512,2024-08-23,56000,2024-08-25,Declined,Role/fit concerns
OFR-5211,APP-212532,2024-08-29,58000,2024-09-02,Declined,Counter-offer from current employer
OFR-5212,APP-212619,2024-08-27,125000,2024-09-01,Declined,Role/fit concerns
OFR-5213,APP-212627,2024-09-02,116000,2024-09-07,Accepted,
OFR-5214,APP-212670,2024-10-03,56000,2024-10-05,Accepted,
OFR-5215,APP-212700,2024-08-23,54000,2024-08-25,Declined,Compensation below expectations
OFR-5216,APP-212773,2024-09-23,177000,2024-09-26,Accepted,
OFR-5217,APP-212854,2024-09-07,78000,2024-09-10,Accepted,
OFR-5218,APP-212939,2024-10-06,126000,2024-10-09,Accepted,
OFR-5219,APP-213019,2024-11-02,125000,2024-11-07,Declined,Compensation below expectations
OFR-5220,APP-213058,2024-08-31,66000,2024-09-02,Accepted,
OFR-5221,APP-213202,2024-09-02,60000,2024-09-04,Accepted,
OFR-5222,APP-213266,2024-09-03,99000,2024-09-05,Accepted,
OFR-5223,APP-213358,2024-09-08,82000,2024-09-08,Accepted,
OFR-5224,APP-213388,2024-09-07,80000,2024-09-13,Accepted,
OFR-5225,APP-213435,2024-09-09,36000,2024-09-17,Accepted,
OFR-5226,APP-213571,2024-09-12,78000,2024-09-14,Accepted,
OFR-5227,APP-213698,2024-10-20,135000,2024-10-23,Declined,Compensation below expectations
OFR-5228,APP-213740,2024-10-12,139000,2024-10-17,Accepted,
OFR-5229,APP-213763,2024-11-08,126000,2024-11-13,Declined,Compensation below expectations
OFR-5230,APP-213767,2024-11-03,130000,2024-11-07,Accepted,
OFR-5231,APP-213854,2024-09-23,138000,2024-09-25,Accepted,
OFR-5232,APP-213909,2024-09-09,80000,2024-09-14,Declined,Compensation below expectations
OFR-5233,APP-213913,2024-09-18,88000,2024-09-21,Accepted,
OFR-5234,APP-213951,2024-09-21,95000,2024-09-23,Accepted,
OFR-5235,APP-213971,2024-09-21,90000,2024-09-22,Accepted,
OFR-5236,APP-214007,2024-10-12,84000,2024-10-14,Declined,Counter-offer from current employer
OFR-5237,APP-214020,2024-09-30,84000,2024-10-04,Declined,Compensation below expectations
OFR-5238,APP-214050,2024-10-15,88000,2024-10-19,Accepted,
OFR-5239,APP-214115,2024-09-22,100000,2024-09-25,Accepted,
OFR-5240,APP-214234,2024-10-26,99000,2024-11-01,Accepted,
OFR-5241,APP-214314,2024-09-28,221000,2024-10-01,Accepted,
OFR-5242,APP-214377,2024-09-21,68000,2024-09-24,Accepted,
OFR-5243,APP-214491,2024-09-22,66000,2024-09-25,Accepted,
OFR-5244,APP-214543,2024-10-16,69000,2024-10-19,Accepted,
OFR-5245,APP-214544,2024-10-04,73000,2024-10-06,Accepted,
OFR-5246,APP-214709,2024-10-13,90000,2024-10-15,Accepted,
OFR-5247,APP-214777,2024-11-19,92000,2024-11-26,Accepted,
OFR-5248,APP-214860,2024-10-11,81000,2024-10-12,Accepted,
OFR-5249,APP-214921,2024-11-04,64000,2024-11-11,Declined,Accepted another offer
OFR-5250,APP-214923,2024-10-09,66000,2024-10-13,Declined,Accepted another offer
OFR-5251,APP-214943,2024-10-06,57000,2024-10-10,Declined,Compensation below expectations
OFR-5252,APP-214976,2024-10-26,61000,2024-10-28,Declined,Role/fit concerns
OFR-5253,APP-214980,2024-10-23,58000,2024-10-26,Accepted,
OFR-5254,APP-215035,2024-10-09,63000,2024-10-13,Declined,Counter-offer from current employer
OFR-5255,APP-215042,2024-10-22,57000,2024-10-24,Declined,Role/fit concerns
OFR-5256,APP-215047,2024-10-11,60000,2024-10-12,Declined,Role/fit concerns
OFR-5257,APP-215105,2024-10-16,171000,2024-10-18,Accepted,
OFR-5258,APP-215188,2024-11-11,71000,2024-11-14,Declined,Compensation below expectations
OFR-5259,APP-215223,2024-10-13,85000,2024-10-15,Accepted,
OFR-5260,APP-215265,2024-11-17,93000,2024-11-21,Declined,Location or work-mode preference
OFR-5261,APP-215273,2024-11-30,84000,2024-12-04,Accepted,
OFR-5262,APP-215388,2024-10-21,49000,2024-10-22,Accepted,
OFR-5263,APP-215444,2024-10-20,102000,2024-10-25,Accepted,
OFR-5264,APP-215445,2024-10-22,97000,2024-10-24,Declined,Accepted another offer
OFR-5265,APP-215456,2024-10-23,103000,2024-10-25,Declined,Compensation below expectations
OFR-5266,APP-215492,2024-11-02,92000,2024-11-11,Declined,Compensation below expectations
OFR-5267,APP-215546,2024-12-09,100000,2024-12-11,Accepted,
OFR-5268,APP-215583,2024-11-04,101000,2024-11-08,Accepted,
OFR-5269,APP-215625,2024-10-28,63000,2024-10-30,Accepted,
OFR-5270,APP-215711,2024-11-02,120000,2024-11-07,Accepted,
OFR-5271,APP-215745,2024-10-20,76000,2024-10-25,Accepted,
OFR-5272,APP-215749,2024-11-23,71000,2024-11-30,Accepted,
OFR-5273,APP-215800,2024-12-12,77000,2024-12-16,Accepted,
OFR-5274,APP-215840,2024-10-16,50000,2024-10-20,Accepted,
OFR-5275,APP-215978,2024-10-27,127000,2024-11-01,Accepted,
OFR-5276,APP-216029,2024-10-19,86000,2024-10-21,Declined,Compensation below expectations
OFR-5277,APP-216081,2024-10-28,100000,2024-10-31,Declined,Compensation below expectations
OFR-5278,APP-216182,2024-11-18,183000,2024-11-25,Declined,Counter-offer from current employer
OFR-5279,APP-216233,2024-12-14,155000,2024-12-20,Accepted,
OFR-5280,APP-216235,2024-12-11,182000,2024-12-17,Declined,Compensation below expectations
OFR-5281,APP-216287,2024-11-03,79000,2024-11-05,Accepted,
OFR-5282,APP-216434,2024-11-08,94000,2024-11-10,Accepted,
OFR-5283,APP-216449,2024-11-10,77000,2024-11-12,Accepted,
OFR-5284,APP-216542,2024-11-16,58000,2024-11-19,Declined,Compensation below expectations
OFR-5285,APP-216551,2024-11-17,60000,2024-11-21,Accepted,
OFR-5286,APP-216639,2024-12-12,145000,2024-12-14,Declined,Accepted another offer
OFR-5287,APP-216721,2024-11-25,59000,2024-12-01,Accepted,
OFR-5288,APP-216767,2025-01-02,55000,2025-01-07,Accepted,
OFR-5289,APP-216806,2024-11-04,88000,2024-11-05,Accepted,
OFR-5290,APP-216875,2024-11-16,87000,2024-11-18,Declined,Accepted another offer
OFR-5291,APP-216882,2024-11-04,86000,2024-11-06,Declined,Role/fit concerns
OFR-5292,APP-216910,2024-12-05,94000,2024-12-09,Accepted,
OFR-5293,APP-217025,2024-12-03,98000,2024-12-05,Accepted,
OFR-5294,APP-217144,2024-11-26,87000,2024-11-29,Declined,Accepted another offer
OFR-5295,APP-217186,2024-11-26,86000,2024-12-01,Accepted,
OFR-5296,APP-217298,2024-11-21,103000,2024-11-25,Declined,Compensation below expectations
OFR-5297,APP-217301,2024-11-24,106000,2024-11-28,Accepted,
OFR-5298,APP-217375,2024-11-10,93000,2024-11-13,Accepted,
OFR-5299,APP-217514,2024-12-29,181000,2025-01-03,Declined,Compensation below expectations
OFR-5300,APP-217578,2024-12-11,121000,2024-12-14,Accepted,
OFR-5301,APP-217688,2024-12-25,154000,2024-12-30,Declined,Compensation below expectations
OFR-5302,APP-217742,2024-12-07,158000,2024-12-10,Accepted,
OFR-5303,APP-217805,2024-12-13,109000,2024-12-15,Declined,Compensation below expectations
OFR-5304,APP-217821,2024-12-30,106000,2025-01-06,Accepted,
OFR-5305,APP-217873,2025-01-08,84000,2025-01-13,Declined,Location or work-mode preference
OFR-5306,APP-217891,2025-01-11,82000,2025-01-14,Declined,Compensation below expectations
OFR-5307,APP-217935,2025-01-29,122000,2025-01-31,Declined,Accepted another offer
OFR-5308,APP-218024,2025-01-04,130000,2025-01-11,Declined,Accepted another offer
OFR-5309,APP-218156,2024-12-29,67000,2025-01-06,Declined,Accepted another offer
OFR-5310,APP-218172,2024-12-29,62000,2025-01-03,Accepted,
OFR-5311,APP-218243,2025-01-01,132000,2025-01-04,Accepted,
OFR-5312,APP-218271,2025-01-06,145000,2025-01-22,Declined,Compensation below expectations
OFR-5313,APP-218305,2025-01-23,159000,2025-01-25,Accepted,
OFR-5314,APP-218350,2024-12-31,35000,2025-01-04,Declined,Accepted another offer
OFR-5315,APP-218358,2024-12-31,39000,2025-01-05,Accepted,
OFR-5316,APP-218363,2024-12-30,37000,2025-01-03,Accepted,
OFR-5317,APP-218477,2025-01-13,86000,2025-01-19,Declined,Compensation below expectations
OFR-5318,APP-218579,2025-01-05,216000,2025-01-09,Accepted,
OFR-5319,APP-218608,2024-12-30,126000,2025-01-08,Accepted,
OFR-5320,APP-218689,2025-01-03,62000,2025-01-05,Accepted,
OFR-5321,APP-218737,2025-01-13,141000,2025-01-16,Accepted,
OFR-5322,APP-218905,2025-04-03,172000,2025-04-09,Accepted,
OFR-5323,APP-219034,2025-01-25,40000,2025-01-27,Declined,Role/fit concerns
OFR-5324,APP-219065,2025-01-31,40000,2025-02-02,Accepted,
OFR-5325,APP-219149,2025-01-21,52000,2025-01-23,Accepted,
OFR-5326,APP-219321,2025-02-14,137000,2025-02-17,Accepted,
OFR-5327,APP-219364,2025-02-07,88000,2025-02-09,Accepted,
OFR-5328,APP-219441,2025-01-27,87000,2025-01-30,Declined,Accepted another offer
OFR-5329,APP-219497,2025-02-25,93000,2025-02-26,Declined,Accepted another offer
OFR-5330,APP-219554,2025-03-14,95000,2025-03-16,Accepted,
OFR-5331,APP-219661,2025-02-20,132000,2025-02-25,Accepted,
OFR-5332,APP-219680,2025-02-16,78000,2025-02-19,Declined,Counter-offer from current employer
OFR-5333,APP-219700,2025-02-16,86000,2025-02-22,Declined,Counter-offer from current employer
OFR-5334,APP-219723,2025-02-15,75000,2025-02-18,Declined,Compensation below expectations
OFR-5335,APP-219784,2025-04-07,90000,2025-04-10,Declined,Accepted another offer
OFR-5336,APP-219793,2025-01-30,91000,2025-02-02,Accepted,
OFR-5337,APP-220013,2025-02-23,107000,2025-02-26,Accepted,
OFR-5338,APP-220058,2025-01-31,90000,2025-02-02,Accepted,
OFR-5339,APP-220159,2025-03-19,122000,2025-03-21,Declined,Compensation below expectations
OFR-5340,APP-220168,2025-02-01,148000,2025-02-03,Accepted,
OFR-5341,APP-220331,2025-02-15,174000,2025-02-17,Accepted,
OFR-5342,APP-220393,2025-02-11,54000,2025-02-15,Declined,Compensation below expectations
OFR-5343,APP-220411,2025-02-16,56000,2025-02-18,Accepted,
OFR-5344,APP-220468,2025-02-11,102000,2025-02-15,Accepted,
OFR-5345,APP-220502,2025-02-24,183000,2025-02-27,Accepted,
OFR-5346,APP-220590,2025-03-31,159000,2025-04-03,Accepted,
OFR-5347,APP-220644,2025-02-20,53000,2025-02-22,Accepted,
OFR-5348,APP-220781,2025-02-19,110000,2025-02-23,Accepted,
OFR-5349,APP-220853,2025-03-22,109000,2025-03-26,Declined,Compensation below expectations
OFR-5350,APP-220960,2025-03-14,97000,2025-03-21,Accepted,
OFR-5351,APP-221003,2025-05-30,96000,2025-06-04,Declined,Accepted another offer
OFR-5352,APP-221008,2025-02-27,68000,2025-03-02,Declined,Counter-offer from current employer
OFR-5353,APP-221065,2025-03-01,60000,2025-03-04,Accepted,
OFR-5354,APP-221241,2025-03-12,119000,2025-03-15,Declined,Compensation below expectations
OFR-5355,APP-221252,2025-03-05,106000,2025-03-07,Accepted,
OFR-5356,APP-221295,2025-04-05,125000,2025-04-06,Accepted,
OFR-5357,APP-221348,2025-03-15,75000,2025-03-17,Accepted,
OFR-5358,APP-221431,2025-03-16,97000,2025-03-23,Accepted,
OFR-5359,APP-221482,2025-03-16,86000,2025-03-19,Declined,Compensation below expectations
OFR-5360,APP-221675,2025-03-02,75000,2025-03-04,Accepted,
OFR-5361,APP-221731,2025-03-16,71000,2025-03-24,Accepted,
OFR-5362,APP-221798,2025-03-08,108000,2025-03-13,Accepted,
OFR-5363,APP-221872,2025-03-17,106000,2025-03-20,Accepted,
OFR-5364,APP-221960,2025-04-19,99000,2025-04-21,Accepted,
OFR-5365,APP-221976,2025-04-06,163000,2025-04-11,Declined,Accepted another offer
OFR-5366,APP-222057,2025-04-25,93000,2025-04-28,Accepted,
OFR-5367,APP-222073,2025-04-13,170000,2025-04-21,Accepted,
OFR-5368,APP-222121,2025-03-14,103000,2025-03-15,Accepted,
OFR-5369,APP-222192,2025-03-27,56000,2025-03-29,Accepted,
OFR-5370,APP-222210,2025-03-24,58000,2025-03-26,Accepted,
OFR-5371,APP-222271,2025-03-31,114000,2025-04-02,Accepted,
OFR-5372,APP-222305,2025-04-03,35000,2025-04-09,Accepted,
OFR-5373,APP-222553,2025-04-09,81000,2025-04-16,Accepted,
OFR-5374,APP-222622,2025-04-14,85000,2025-04-15,Accepted,
OFR-5375,APP-222664,2025-03-31,42000,2025-04-05,Declined,Compensation below expectations
OFR-5376,APP-222733,2025-04-15,38000,2025-04-17,Accepted,
OFR-5377,APP-222777,2025-04-01,184000,2025-04-03,Declined,Compensation below expectations
OFR-5378,APP-222807,2025-03-27,89000,2025-03-30,Accepted,
OFR-5379,APP-222872,2025-04-25,79000,2025-05-04,Accepted,
OFR-5380,APP-222883,2025-04-07,82000,2025-04-08,Accepted,
OFR-5381,APP-222889,2025-04-05,80000,2025-04-07,Accepted,
OFR-5382,APP-222933,2025-04-14,55000,2025-04-20,Declined,Compensation below expectations
OFR-5383,APP-222955,2025-05-01,58000,2025-05-06,Accepted,
OFR-5384,APP-222997,2025-05-29,48000,2025-06-04,Accepted,
OFR-5385,APP-223048,2025-04-26,127000,2025-04-30,Accepted,
OFR-5386,APP-223133,2025-04-30,88000,2025-05-03,Declined,Compensation below expectations
OFR-5387,APP-223142,2025-05-10,82000,2025-05-13,Accepted,
OFR-5388,APP-223198,2025-03-31,74000,2025-04-01,Accepted,
OFR-5389,APP-223321,2025-05-08,120000,2025-05-10,Declined,Accepted another offer
OFR-5390,APP-223379,2025-04-18,128000,2025-04-19,Declined,Location or work-mode preference
OFR-5391,APP-223449,2025-07-01,131000,2025-07-04,Accepted,
OFR-5392,APP-223482,2025-04-15,72000,2025-04-17,Accepted,
OFR-5393,APP-223580,2025-04-18,77000,2025-04-20,Accepted,
OFR-5394,APP-223710,2025-04-21,52000,2025-04-22,Accepted,
OFR-5395,APP-223829,2025-05-11,91000,2025-05-12,Accepted,
OFR-5396,APP-223860,2025-04-24,88000,2025-04-27,Accepted,
OFR-5397,APP-223952,2025-06-20,115000,2025-06-22,Declined,Accepted another offer
OFR-5398,APP-223963,2025-04-23,169000,2025-04-27,Accepted,
OFR-5399,APP-224011,2025-04-27,61000,2025-04-30,Declined,Role/fit concerns
OFR-5400,APP-224081,2025-05-03,56000,2025-05-07,Accepted,
OFR-5401,APP-224122,2025-04-25,57000,2025-04-26,Accepted,
OFR-5402,APP-224156,2025-05-01,56000,2025-05-02,Declined,Compensation below expectations
OFR-5403,APP-224193,2025-04-29,48000,2025-05-03,Accepted,
OFR-5404,APP-224270,2025-04-21,73000,2025-04-26,Accepted,
OFR-5405,APP-224401,2025-06-02,114000,2025-06-08,Accepted,
OFR-5406,APP-224421,2025-05-27,96000,2025-05-27,Declined,Compensation below expectations
OFR-5407,APP-224458,2025-05-24,113000,2025-05-28,Declined,Compensation below expectations
OFR-5408,APP-224499,2025-06-05,122000,2025-06-10,Accepted,
OFR-5409,APP-224529,2025-04-30,85000,2025-05-03,Accepted,
OFR-5410,APP-224609,2025-05-11,95000,2025-05-17,Accepted,
OFR-5411,APP-224724,2025-05-06,87000,2025-05-10,Accepted,
OFR-5412,APP-224813,2025-05-24,60000,2025-05-27,Declined,Compensation below expectations
OFR-5413,APP-224979,2025-06-02,126000,2025-06-04,Accepted,
OFR-5414,APP-225041,2025-07-09,130000,2025-07-13,Declined,Compensation below expectations
OFR-5415,APP-225129,2025-08-10,56000,2025-08-13,Declined,Compensation below expectations
OFR-5416,APP-225132,2025-05-26,132000,2025-05-29,Accepted,
OFR-5417,APP-225338,2025-05-13,116000,2025-05-14,Accepted,
OFR-5418,APP-225410,2025-05-25,120000,2025-05-27,Declined,Accepted another offer
OFR-5419,APP-225435,2025-06-01,97000,2025-06-03,Accepted,
OFR-5420,APP-225475,2025-05-31,80000,2025-06-03,Declined,Counter-offer from current employer
OFR-5421,APP-225518,2025-06-09,68000,2025-06-11,Accepted,
OFR-5422,APP-225577,2025-06-10,54000,2025-06-18,Accepted,
OFR-5423,APP-225579,2025-06-19,54000,2025-06-27,Accepted,
OFR-5424,APP-225596,2025-06-19,55000,2025-06-21,Accepted,
OFR-5425,APP-225601,2025-06-06,52000,2025-06-10,Declined,Compensation below expectations
OFR-5426,APP-225661,2025-06-04,69000,2025-06-06,Accepted,
OFR-5427,APP-225687,2025-06-23,76000,2025-06-24,Accepted,
OFR-5428,APP-225756,2025-06-28,148000,2025-07-04,Accepted,
OFR-5429,APP-225777,2025-05-26,90000,2025-05-29,Declined,Compensation below expectations
OFR-5430,APP-225864,2025-06-03,88000,2025-06-06,Accepted,
OFR-5431,APP-225964,2025-06-15,114000,2025-06-18,Accepted,
OFR-5432,APP-226020,2025-06-21,101000,2025-06-30,Declined,Role/fit concerns
OFR-5433,APP-226068,2025-06-12,76000,2025-06-16,Declined,Counter-offer from current employer
OFR-5434,APP-226240,2025-07-11,70000,2025-07-15,Accepted,
OFR-5435,APP-226303,2025-07-09,56000,2025-07-14,Accepted,
OFR-5436,APP-226320,2025-06-14,87000,2025-06-17,Accepted,
OFR-5437,APP-226325,2025-06-15,83000,2025-06-19,Accepted,
OFR-5438,APP-226386,2025-06-05,53000,2025-06-07,Accepted,
OFR-5439,APP-226532,2025-06-23,144000,2025-06-26,Declined,Compensation below expectations
OFR-5440,APP-226635,2025-06-21,55000,2025-06-23,Accepted,
OFR-5441,APP-226721,2025-06-28,151000,2025-07-02,Accepted,
OFR-5442,APP-226810,2025-06-22,99000,2025-06-23,Accepted,
OFR-5443,APP-226998,2025-07-14,102000,2025-07-17,Declined,Counter-offer from current employer
OFR-5444,APP-227015,2025-07-05,97000,2025-07-07,Accepted,
OFR-5445,APP-227166,2025-07-08,91000,2025-07-10,Accepted,
OFR-5446,APP-227254,2025-07-06,61000,2025-07-09,Accepted,
OFR-5447,APP-227352,2025-07-15,92000,2025-07-17,Accepted,
OFR-5448,APP-227422,2025-07-17,121000,2025-07-21,Declined,Location or work-mode preference
OFR-5449,APP-227452,2025-08-06,118000,2025-08-08,Accepted,
OFR-5450,APP-227488,2025-07-10,66000,2025-07-12,Declined,Counter-offer from current employer
OFR-5451,APP-227513,2025-07-13,60000,2025-07-14,Accepted,
OFR-5452,APP-227613,2025-08-06,81000,2025-08-12,Accepted,
OFR-5453,APP-227615,2025-08-04,80000,2025-08-11,Accepted,
OFR-5454,APP-227626,2025-07-20,189000,2025-07-30,Accepted,
OFR-5455,APP-227708,2025-07-19,40000,2025-07-22,Declined,Counter-offer from current employer
OFR-5456,APP-227728,2025-07-19,37000,2025-07-20,Declined,Role/fit concerns
OFR-5457,APP-227743,2025-07-14,39000,2025-07-17,Accepted,
OFR-5458,APP-227746,2025-07-25,38000,2025-08-01,Declined,Compensation below expectations
OFR-5459,APP-227755,2025-06-30,41000,2025-07-03,Accepted,
OFR-5460,APP-227839,2025-06-26,77000,2025-06-27,Accepted,
OFR-5461,APP-227846,2025-07-08,91000,2025-07-10,Accepted,
OFR-5462,APP-227946,2025-07-11,89000,2025-07-15,Accepted,
OFR-5463,APP-228114,2025-08-07,141000,2025-08-16,Declined,Accepted another offer
OFR-5464,APP-228164,2025-07-22,103000,2025-07-28,Accepted,
OFR-5465,APP-228236,2025-07-27,54000,2025-07-29,Accepted,
OFR-5466,APP-228347,2025-08-06,132000,2025-08-11,Accepted,
OFR-5467,APP-228441,2025-08-14,67000,2025-08-17,Accepted,
OFR-5468,APP-228492,2025-07-24,49000,2025-07-26,Accepted,
OFR-5469,APP-228634,2025-08-20,98000,2025-08-26,Accepted,
OFR-5470,APP-228686,2025-08-04,120000,2025-08-07,Declined,Location or work-mode preference
OFR-5471,APP-228694,2025-08-11,118000,2025-08-15,Declined,Compensation below expectations
OFR-5472,APP-228760,2025-09-20,120000,2025-09-21,Accepted,
OFR-5473,APP-228776,2025-07-18,41000,2025-07-21,Accepted,
OFR-5474,APP-228912,2025-08-15,198000,2025-08-20,Accepted,
OFR-5475,APP-228979,2025-08-13,74000,2025-08-14,Accepted,
OFR-5476,APP-229029,2025-08-03,89000,2025-08-05,Declined,Compensation below expectations
OFR-5477,APP-229058,2025-08-25,89000,2025-08-29,Accepted,
OFR-5478,APP-229206,2025-08-18,69000,2025-08-19,Accepted,
OFR-5479,APP-229272,2025-08-24,132000,2025-08-29,Accepted,
OFR-5480,APP-229310,2025-08-18,106000,2025-08-23,Accepted,
OFR-5481,APP-229360,2025-08-18,130000,2025-08-25,Accepted,
OFR-5482,APP-229433,2025-09-05,147000,2025-09-10,Declined,Accepted another offer
OFR-5483,APP-229444,2025-09-12,137000,2025-09-21,Accepted,
OFR-5484,APP-229506,2025-08-31,179000,2025-09-06,Accepted,
OFR-5485,APP-229587,2025-08-26,108000,2025-08-27,Accepted,
OFR-5486,APP-229634,2025-08-23,66000,2025-08-25,Accepted,
OFR-5487,APP-229693,2025-08-31,70000,2025-09-03,Declined,Compensation below expectations
OFR-5488,APP-229698,2025-08-19,78000,2025-08-23,Accepted,
OFR-5489,APP-229723,2025-09-07,75000,2025-09-10,Accepted,
OFR-5490,APP-229763,2025-09-01,57000,2025-09-04,Accepted,
OFR-5491,APP-229781,2025-08-26,57000,2025-08-28,Accepted,
OFR-5492,APP-229854,2025-09-17,109000,2025-09-21,Declined,Accepted another offer
OFR-5493,APP-229938,2025-09-19,100000,2025-09-21,Declined,Accepted another offer
OFR-5494,APP-229994,2025-10-11,98000,2025-10-12,Accepted,
OFR-5495,APP-230106,2025-11-01,101000,2025-11-02,Accepted,
OFR-5496,APP-230133,2025-08-28,119000,2025-09-01,Declined,Compensation below expectations
OFR-5497,APP-230190,2025-09-25,130000,2025-09-28,Accepted,
OFR-5498,APP-230304,2025-09-29,59000,2025-10-08,Accepted,
OFR-5499,APP-230387,2025-10-01,121000,2025-10-04,Declined,Compensation below expectations
OFR-5500,APP-230455,2025-09-22,59000,2025-09-24,Declined,Compensation below expectations
OFR-5501,APP-230486,2025-10-03,62000,2025-10-06,Declined,Compensation below expectations
OFR-5502,APP-230582,2025-11-01,193000,2025-11-07,Declined,Compensation below expectations
OFR-5503,APP-230590,2025-10-02,165000,2025-10-04,Declined,Compensation below expectations
OFR-5504,APP-230660,2025-09-26,94000,2025-10-01,Accepted,
OFR-5505,APP-230776,2025-10-07,97000,2025-10-10,Accepted,
OFR-5506,APP-230865,2025-11-28,110000,2025-12-09,Accepted,
OFR-5507,APP-230903,2025-10-04,205000,2025-10-09,Accepted,
OFR-5508,APP-231017,2025-10-04,61000,2025-10-08,Accepted,
OFR-5509,APP-231037,2025-10-27,59000,2025-11-02,Declined,Compensation below expectations
OFR-5510,APP-231058,2025-10-16,69000,2025-10-20,Accepted,
OFR-5511,APP-231122,2025-10-07,119000,2025-10-12,Accepted,
OFR-5512,APP-231197,2025-11-21,214000,2025-11-22,Accepted,
OFR-5513,APP-231222,2025-10-31,214000,2025-11-03,Declined,Compensation below expectations
OFR-5514,APP-231372,2025-10-11,130000,2025-10-13,Accepted,
OFR-5515,APP-231402,2025-10-24,209000,2025-10-27,Accepted,
OFR-5516,APP-231517,2025-10-15,91000,2025-10-17,Declined,Compensation below expectations
OFR-5517,APP-231644,2025-10-19,94000,2025-10-20,Accepted,
OFR-5518,APP-231690,2025-10-10,71000,2025-10-11,Accepted,
OFR-5519,APP-231853,2025-10-15,95000,2025-10-19,Accepted,
OFR-5520,APP-231938,2025-10-14,40000,2025-10-16,Declined,Counter-offer from current employer
OFR-5521,APP-231951,2025-10-24,41000,2025-10-26,Declined,Accepted another offer
OFR-5522,APP-232010,2025-10-23,40000,2025-10-26,Accepted,
OFR-5523,APP-232094,2025-11-24,143000,2025-11-28,Accepted,
OFR-5524,APP-232133,2025-10-07,116000,2025-10-10,Accepted,
OFR-5525,APP-232206,2025-10-31,64000,2025-11-06,Accepted,
OFR-5526,APP-232371,2025-11-11,120000,2025-11-16,Declined,Compensation below expectations
OFR-5527,APP-232459,2025-11-28,77000,2025-12-05,Accepted,
OFR-5528,APP-232476,2025-10-30,135000,2025-11-01,Declined,Role/fit concerns
OFR-5529,APP-232514,2025-11-04,129000,2025-11-07,Accepted,
OFR-5530,APP-232557,2025-10-25,88000,2025-10-26,Accepted,
OFR-5531,APP-232682,2025-11-04,97000,2025-11-07,Accepted,
OFR-5532,APP-232747,2025-10-31,78000,2025-11-04,Accepted,
OFR-5533,APP-232751,2025-11-03,81000,2025-11-05,Accepted,
OFR-5534,APP-232814,2025-10-22,94000,2025-10-24,Accepted,
OFR-5535,APP-233019,2025-11-12,97000,2025-11-14,Accepted,
OFR-5536,APP-233087,2025-11-07,80000,2025-11-12,Accepted,
OFR-5537,APP-233211,2025-11-06,76000,2025-11-10,Accepted,
OFR-5538,APP-233283,2025-11-03,111000,2025-11-06,Accepted,
OFR-5539,APP-233332,2025-11-09,82000,2025-11-11,Accepted,
OFR-5540,APP-233377,2025-11-15,94000,2025-11-20,Accepted,
OFR-5541,APP-233433,2025-11-13,58000,2025-11-20,Accepted,
OFR-5542,APP-233527,2025-11-18,121000,2025-11-20,Accepted,
OFR-5543,APP-233683,2025-12-08,132000,2025-12-11,Accepted,
OFR-5544,APP-233693,2025-11-06,85000,2025-11-08,Accepted,
OFR-5545,APP-233711,2025-11-04,75000,2025-11-07,Declined,Counter-offer from current employer
OFR-5546,APP-233714,2025-11-03,88000,2025-11-05,Declined,Compensation below expectations
OFR-5547,APP-233727,2025-11-22,86000,2025-11-23,Accepted,
OFR-5548,APP-233760,2025-11-19,194000,2025-11-24,Accepted,
OFR-5549,APP-233831,2025-11-29,79000,2025-12-01,Accepted,
OFR-5550,APP-234049,2025-11-27,61000,2025-11-30,Accepted,
OFR-5551,APP-234158,2025-11-30,88000,2025-12-03,Accepted,
OFR-5552,APP-234239,2025-12-02,91000,2025-12-11,Accepted,
OFR-5553,APP-234250,2025-12-03,84000,2025-12-04,Declined,Counter-offer from current employer
OFR-5554,APP-234320,2025-12-03,41000,2025-12-06,Accepted,
OFR-5555,APP-234438,2025-12-15,59000,2025-12-22,Accepted,
OFR-5556,APP-234514,2025-12-18,116000,2025-12-24,Declined,Accepted another offer
OFR-5557,APP-234561,2025-12-12,78000,2025-12-15,Accepted,
OFR-5558,APP-234572,2025-12-27,84000,,Pending,
OFR-5559,APP-234621,2025-12-11,55000,2025-12-13,Accepted,
OFR-5560,APP-234635,2025-12-08,59000,2025-12-09,Declined,Compensation below expectations
OFR-5561,APP-234638,2025-12-22,55000,2025-12-25,Accepted,
OFR-5562,APP-234810,2025-12-10,123000,2025-12-12,Accepted,
OFR-5563,APP-234983,2025-12-08,58000,2025-12-09,Accepted,
OFR-5564,APP-235064,2025-12-09,73000,2025-12-12,Accepted,
OFR-5565,APP-235196,2025-12-16,55000,2025-12-21,Accepted,
OFR-5566,APP-235293,2025-12-16,62000,2025-12-19,Accepted,
OFR-5567,APP-235430,2025-12-14,84000,2025-12-17,Accepted,
OFR-5568,APP-235603,2025-12-22,89000,2025-12-25,Accepted,
